:START_ID(Person)|:END_ID(City)
17592186047852|150
37383395344880|893
8796093023924|782
37383395347996|618
15393162792196|431
37383395346664|503
35184372089700|146
26388279067812|590
13194139533512|300
24189255814820|346
30786325577956|1127
37383395344756|1222
2199023256528|305
21990232558604|521
28587302322764|1444
24189255814732|1124
8796093025168|943
28587302323508|1422
140|1422
2199023256204|1299
37383395346188|1284
13194139535464|368
19791209300644|720
24189255812772|805
17592186046516|339
17592186044544|126
21990232557996|783
2199023256256|787
30786325579800|612
32985348835864|1162
24189255814708|361
2199023256820|463
24189255811600|716
21990232556232|946
6597069769052|1271
1500|921
26388279067420|210
30786325578564|592
19791209300084|265
28587302324340|414
4398046512676|199
37383395344780|346
30786325580452|486
6597069770284|906
37383395347256|123
8796093024952|1264
6597069770300|1113
8796093025972|791
10995116281628|520
17592186047004|1077
30786325579292|567
24189255811956|362
21990232557276|634
35184372091424|1442
17592186047084|659
10995116278276|1202
13194139534340|1080
1816|295
6597069770244|487
15393162791504|397
2199023255824|255
6597069767320|1195
24189255813296|1238
26388279068336|331
30786325580392|1347
26388279068732|350
30786325578416|797
6597069766712|1086
4398046511672|547
28587302325292|202
2199023256632|1014
19791209301036|1011
17592186045968|466
32985348833960|819
15393162790532|1266
32985348836400|745
17592186046412|606
35184372091640|562
37383395344908|1307
17592186045556|723
32985348835956|416
35184372089488|488
21990232559352|1439
4398046512380|1029
19791209303248|581
2199023257644|869
8796093024508|625
2199023256060|1440
10995116278688|259
4398046513116|1170
10995116280284|296
15393162792412|281
6597069767856|1308
26388279066632|958
30786325578760|231
28587302325252|382
26388279069440|1247
21990232557312|926
968|321
15393162792392|820
988|174
6597069767760|1049
4398046511548|333
28587302325800|539
2199023256028|409
30786325580260|196
2199023257964|498
26388279070364|977
10995116278940|1289
6597069766920|1364
10995116277944|945
24189255811228|1416
35184372091796|1157
8796093024996|595
35184372092148|1259
740|651
10995116281264|199
13194139537188|292
21990232558624|258
28587302323160|1120
28587302322196|531
10995116281364|1134
17592186047912|804
2199023258920|878
13194139534120|254
26388279069996|819
30786325578608|761
21990232559116|1107
13194139533728|1221
26388279069732|1351
19791209301472|957
24189255811148|1342
10995116281620|1118
10995116279676|639
37383395345216|883
21990232558556|585
28587302324556|790
8796093025936|844
26388279066720|405
6597069770440|809
37383395347484|629
19791209302624|391
8796093024624|1376
6597069768344|1386
15393162792096|1360
30786325581292|794
21990232556792|1022
26388279066660|255
15393162792684|729
37383395345768|1201
10995116279364|1421
6597069770148|567
8796093023464|495
30786325579076|721
13194139537148|435
21990232558468|901
35184372091752|187
13194139534256|617
8796093024480|838
37383395344720|238
8796093022360|494
37383395346132|671
32985348836416|1238
37383395347244|1375
19791209301324|1313
28587302324224|667
19791209299968|285
26388279068972|506
2199023257420|274
2352|217
21990232557780|972
10995116281212|1437
10995116281316|829
21990232558788|1387
2332|213
37383395345028|831
32985348835012|942
17592186046228|541
10995116279388|709
13194139535884|1431
13194139535352|614
10995116278264|223
24189255812516|845
6597069769424|985
21990232557060|448
304|270
21990232555744|113
32985348833372|1322
2992|1205
8796093024752|349
4398046512432|488
35184372090604|897
30786325580128|852
6597069767276|740
6597069766912|1136
35184372090388|1158
19791209300132|618
2199023257596|275
6597069768244|155
32985348834484|999
1888|149
37383395345032|679
24189255814448|360
26388279067440|340
2928|440
28587302323920|1012
19791209302708|791
4398046513992|885
17592186045572|1028
456|183
21990232558732|1046
21990232559400|539
10995116280016|1034
13194139535112|491
4398046511216|139
15393162791892|1119
4398046511568|1268
8796093022396|627
30786325578952|236
10995116280776|690
8796093023148|879
2199023258012|559
2199023256768|645
37383395346700|1392
30786325580924|128
26388279067428|909
2136|774
17592186047216|602
15393162788996|1122
37383395344776|158
19791209301600|248
8796093023036|591
2199023257916|200
10995116279220|161
4398046513460|1409
13194139535008|354
21990232557016|401
26388279067788|1058
2528|854
28587302325816|1361
21990232556008|743
6597069768308|1322
32985348835152|932
32985348834016|1205
30786325581184|277
26388279070348|863
30786325577740|1073
26388279067184|1394
37383395347768|545
15393162792564|484
30786325579312|117
8796093023028|567
15393162791368|1013
24189255811556|1052
37383395344596|1414
21990232556516|713
32985348834252|840
17592186045468|1318
32985348836456|754
21990232559004|1346
19791209302148|1024
19791209300660|973
19791209300924|1271
6597069769364|848
13194139534700|874
2199023258476|526
6597069766924|1182
2199023256844|985
35184372090112|708
28587302325556|113
26388279068000|684
28587302324928|449
8796093023284|872
13194139534448|604
10995116280532|205
4398046512416|342
4398046514580|1043
32985348837092|1046
8796093023576|1176
37383395346616|1294
13194139534508|1440
10995116278148|228
32985348833500|1129
4398046514348|247
35184372090496|1342
8796093024356|893
30786325579552|394
35184372090612|1170
2199023256396|936
30786325578460|541
37383395346240|353
4398046511172|791
24189255811664|1393
15393162789704|750
2852|431
24189255813040|1040
21990232556976|850
13194139534932|303
10995116279720|745
35184372089728|913
26388279070088|409
15393162789844|794
13194139535744|550
4398046513440|1099
13194139534960|872
2199023259424|1161
37383395346596|925
35184372089932|759
21990232558128|352
26388279069340|655
19791209300256|1160
37383395345908|719
26388279067436|1306
17592186046180|1299
30786325578912|1347
17592186048104|1128
30786325578344|761
26388279067544|978
19791209302424|468
8796093022260|678
4398046512684|366
32985348837168|886
24189255812912|1144
28587302324888|1428
2199023258372|1195
30786325581536|1184
13194139534596|1391
2312|292
28587302322216|588
8796093022468|949
2199023259032|1032
28587302322276|975
37383395347456|453
21990232556584|467
17592186047240|1121
26388279067400|191
28587302322748|706
2199023257860|1127
32985348834368|930
6597069767992|519
2199023255800|1345
760|643
13194139537208|957
10995116280120|760
30786325578636|1381
2199023255960|268
35184372090236|1265
35184372090488|1397
19791209302156|849
10995116281304|625
2199023258836|1277
8796093023248|1020
35184372089428|1105
13194139533372|634
6597069769276|869
8796093025544|1400
4398046513168|946
15393162791036|310
2199023259088|534
8796093024208|624
2199023257088|572
35184372091072|877
26388279068728|761
15393162789856|755
15393162790264|273
19791209300968|1305
28587302323080|268
28587302323040|1413
30786325580816|661
15393162792192|1177
30786325578052|1039
2199023258788|1261
3264|112
13194139533832|1250
26388279067324|1452
26388279069884|299
4398046512568|677
2199023258548|604
24189255813288|131
28587302325472|537
21990232556056|1356
19791209301016|394
6597069769300|855
10995116278608|596
8796093025304|1325
4398046511528|159
35184372090080|662
10995116279168|969
15393162789248|510
30786325578740|1309
24189255811308|971
21990232556268|1033
6597069768588|342
28587302325432|444
4398046513792|244
4398046512680|393
17592186045316|986
2199023258052|373
26388279066748|1304
26388279066876|1328
13194139536124|957
2199023258800|1129
26388279070204|781
35184372092016|524
32985348836552|732
24189255812264|1182
37383395347280|516
37383395347020|1052
35184372092332|714
35184372090796|252
4398046512632|219
8796093024760|913
32985348834576|765
1904|1098
32985348834244|275
15393162790312|940
10995116280520|1332
15393162792716|136
4398046513304|461
2199023259288|1338
28587302323272|709
2199023259216|1215
3152|918
4398046511536|684
6597069768636|129
1892|1107
32985348833988|1370
8796093024700|164
8796093025496|368
2199023258616|1143
32985348836112|766
8796093024156|691
19791209303024|1092
6597069766956|241
24189255811280|1438
21990232556240|463
32985348835068|920
15393162790524|1162
37383395345244|295
8796093023912|941
24189255814296|947
21990232557648|1322
8796093023360|846
24189255811104|737
26388279070240|366
32985348836900|362
30786325581200|365
26388279069556|478
32985348835360|410
24189255812424|225
17592186047976|519
26388279068136|712
10995116278796|706
10995116281328|366
19791209300920|791
8796093024228|525
30786325578368|972
17592186048128|1420
19791209300752|1414
10995116281576|758
13194139536288|1192
37383395344428|841
8796093023600|200
32985348835800|1385
21990232556632|711
108|1242
28587302324712|1018
21990232558684|328
8796093025196|477
2199023255980|801
1236|477
26388279068472|821
4398046511604|883
21990232558096|1451
24189255813124|529
28587302322180|554
26388279069984|1325
4398046511168|1061
13194139535424|1037
15393162791488|313
10995116278484|192
26388279069704|1175
28587302324180|149
35184372090712|1307
28587302325768|291
6597069767728|1444
15393162789492|669
2199023258212|231
30786325578652|251
32985348836632|321
13194139536852|523
13194139536832|1420
30786325579108|1295
8796093024108|1082
15393162790116|449
13194139537160|813
15393162792004|954
580|1398
2199023255972|391
19791209302904|729
21990232558968|933
15393162791660|1433
13194139536708|449
28587302325896|1176
17592186046032|767
8796093023008|846
26388279068876|1057
30786325581004|1353
2616|273
32985348835400|1323
8796093023948|1348
15393162789068|616
35184372092404|283
17592186044828|1163
21990232556956|958
4398046512840|265
30786325579896|937
10995116280772|399
4398046514144|1230
8796093023212|805
3788|936
15393162789344|804
6597069767680|274
24189255813156|719
28587302323236|615
13194139535248|208
8796093023120|1011
2199023257544|726
2199023256484|590
8796093024044|131
30786325579760|726
28587302325184|752
24189255813056|1248
10995116278972|1069
17592186044864|464
26388279069608|321
13194139533660|799
24189255812616|338
35184372089376|815
4398046511176|1295
2199023256948|269
6597069767240|837
15393162789628|564
26388279068596|1131
8796093024296|1261
4398046511928|511
136|847
32985348835336|1422
8796093022700|495
28587302323492|1415
636|347
17592186046880|428
2199023258456|511
4398046514520|530
32985348836832|350
8796093022552|867
17592186047368|853
10995116278616|273
37383395345592|574
19791209302408|1017
24189255812444|1449
15393162790776|236
8796093025572|1441
35184372092660|451
2199023256676|656
8796093023168|832
37383395345728|981
28587302325952|366
17592186046896|565
24189255812848|958
35184372091672|1144
6597069767264|1118
17592186047440|1110
4398046512272|464
8796093024992|1220
4398046512780|409
1120|667
10995116278312|803
8796093024340|462
19791209301436|515
4398046512532|930
2748|675
19791209300580|148
24189255814776|1317
35184372092516|685
2199023256968|1074
1796|1262
21990232558276|377
4398046512252|1076
10995116279736|492
8796093025596|390
13194139535704|1210
8796093025676|954
10995116280244|1302
32985348836488|262
19791209302732|664
28587302324880|853
37383395345612|1104
2199023257188|500
32985348833512|1168
13194139533844|619
6597069768944|957
10995116279024|111
6597069770416|409
2199023255640|314
10995116279280|1061
24189255814864|456
30786325581216|192
24189255812932|446
32985348836252|878
35184372091412|1407
28587302323516|588
21990232558016|768
17592186045160|976
32985348836584|819
30786325580376|655
26388279069948|980
4398046513980|1077
30786325580412|567
37383395346304|515
24189255814492|846
15393162792704|1149
32985348834752|294
37383395345152|1011
24189255811864|461
19791209303676|927
2276|572
26388279067668|730
17592186047508|424
17592186048000|1062
30786325578044|913
15393162791432|1022
21990232556760|1210
19791209300696|134
30786325578240|478
1452|410
35184372091960|981
32985348835236|585
32985348837060|253
19791209302948|348
37383395344464|791
13194139536992|718
37383395346708|897
13194139536364|1432
2028|1210
32985348836172|429
35184372091068|1328
24189255814868|260
37383395346480|552
28587302325380|1301
2199023258248|983
1864|1351
21990232559128|1069
6597069766984|1392
10995116281160|609
6597069768948|867
21990232558296|216
3648|124
2628|896
28587302323196|305
17592186046972|327
24189255814076|1320
32985348834872|653
26388279066992|1304
28587302323708|582
35184372090660|534
8796093023528|1084
16|1284
15393162792464|844
15393162791232|1062
6597069766976|898
6597069769512|786
32985348836532|937
21990232556820|470
17592186046012|507
35184372091712|1371
24189255812756|211
6597069768380|378
19791209301052|449
37383395347432|1301
380|1413
21990232555692|557
17592186045592|1176
10995116280700|932
8796093024636|482
24189255811732|1377
19791209302456|1103
26388279069304|850
30786325579496|750
28587302322372|1151
35184372091524|1192
17592186044748|357
15393162789172|605
24189255812948|1305
17592186046924|1001
24189255813988|1200
4398046514508|1144
10995116280552|1023
17592186046608|620
2900|643
6597069770068|400
13194139536624|1311
2199023256304|1009
4398046513332|928
28587302324688|1211
2199023258520|828
30786325580032|628
35184372090776|1076
37383395344784|1147
26388279069032|1131
24189255812560|266
37383395346236|1070
30786325578744|1104
24189255814724|171
24189255811220|436
6597069769172|498
4398046513432|441
17592186045016|612
32985348836440|1398
10995116278476|541
30786325581400|1127
21990232557144|1280
19791209300436|1385
356|626
28587302324320|321
6597069769104|1349
19791209301800|399
21990232558760|968
32985348834920|179
2199023256404|1187
26388279067516|267
10995116278300|370
26388279070132|491
35184372089000|1162
17592186047616|1252
35184372091944|846
4398046513032|603
8796093023688|633
17592186045020|461
8796093024988|997
13194139537008|996
4398046511444|307
4398046513092|192
26388279068384|780
4398046514272|1406
1644|1029
2199023256684|306
17592186045676|1327
30786325580012|772
26388279067180|384
2199023256176|269
10995116281604|231
6597069769108|1166
13194139534228|788
24189255811364|957
1612|217
19791209302344|1208
6597069768376|868
2199023256912|769
1476|1277
4398046511556|411
19791209302912|347
632|507
32985348835620|315
19791209301984|820
30786325580400|944
4398046512672|1425
30786325580328|667
26388279070056|933
35184372090196|724
21990232557768|1423
32985348835464|254
6597069769124|619
35184372089992|927
30786325578604|1140
17592186045840|1274
4398046513508|676
17592186046836|756
19791209300344|239
28587302324600|943
37383395347740|297
4398046512516|231
15393162792440|149
17592186047460|1285
28587302326000|1379
21990232555760|755
35184372090784|753
2199023259324|1216
37383395345868|250
28587302322964|923
35184372089268|1304
35184372092564|344
4398046511992|255
2199023257620|861
6597069769288|1099
3144|491
13194139533664|178
10995116281476|915
2199023258992|1117
2199023257396|1376
15393162791732|1143
28587302324828|530
35184372089108|1133
24189255812996|407
32985348836956|684
26388279067396|1332
26388279069060|682
13194139535220|785
6597069770100|1240
8796093024504|592
6597069768440|943
2199023257436|690
2199023258772|781
26388279069964|1317
21990232556828|576
24189255812892|158
2199023255744|149
3756|942
17592186047632|1192
30786325577872|353
15393162789920|421
1508|1060
32985348836972|405
17592186047252|1081
8796093026100|1115
17592186044876|618
30786325581260|178
32985348836312|1382
3392|1116
10995116280988|933
1244|769
10995116279768|841
28587302324736|689
35184372090512|947
15393162789144|419
13194139533624|398
24189255814140|643
28587302325196|808
19791209300212|1429
17592186045172|1253
37383395345708|296
19791209300652|393
30786325580556|548
21990232556300|642
24189255813132|901
6597069766940|1425
4398046511152|1249
3300|1304
28587302322260|1420
4398046513948|1124
21990232556648|200
6597069770520|1367
1432|254
4398046513988|1284
28587302324548|890
32985348834424|724
13194139535208|156
10995116278120|280
37383395345876|1068
2199023258356|317
17592186047708|1324
21990232559036|983
104|797
37383395346856|1184
8796093025840|237
2199023258724|1190
19791209303492|918
35184372089396|647
8796093023936|1210
32985348836460|618
35184372091076|558
19791209300332|1326
28587302324332|174
13194139534912|394
24189255813456|973
15393162791776|1196
8796093025632|1281
26388279069172|995
26388279069324|959
28587302325236|231
6597069770424|229
10995116280204|370
26388279070428|1022
37383395347248|434
17592186047724|1260
2199023259436|853
15393162790980|1131
37383395347704|453
30786325579932|714
19791209301660|1158
24189255813460|1334
2199023258708|672
3668|127
3656|980
21990232556068|1331
2199023256724|854
4398046513128|1428
4398046511284|1435
4398046513424|828
30786325580324|462
24189255812292|569
6597069769376|553
26388279068044|885
24189255814532|321
15393162789536|1253
8796093025056|1085
2199023259296|610
8796093022680|240
32985348834288|170
15393162790424|237
21990232555680|826
19791209302700|1330
19791209300372|598
35184372090064|879
32985348834988|150
21990232557716|656
4398046512776|513
4398046513312|121
26388279070052|1086
35184372089408|992
2199023258960|258
21990232557460|334
19791209302144|856
35184372088856|388
6597069768780|1292
2199023258700|1113
4398046512544|1229
4398046513180|1126
21990232556456|1203
28587302325364|419
26388279067732|999
28587302325300|1415
13194139537064|606
17592186046452|890
15393162789812|1086
24189255812164|232
26388279070480|408
2199023258280|1320
15393162789736|1123
35184372090440|1074
21990232555696|1177
6597069767324|1132
8796093024820|182
32985348833400|1248
19791209303160|125
21990232555960|1203
32985348836280|180
35184372091396|447
32985348836016|677
24189255813676|332
37383395347516|386
13194139536660|805
37383395345688|552
2199023259064|1185
24189255813292|928
32985348836236|1352
24189255812360|1390
19791209302876|615
26388279068432|1096
19791209303312|159
6597069770456|1328
2264|1451
24189255813416|1444
32985348833576|643
15393162790616|1312
8796093023724|793
4398046513644|705
37383395344412|1363
35184372089528|112
6597069768796|532
30786325579996|1075
19791209302128|1417
24189255811288|801
19791209301516|726
19791209301084|584
24189255814238|478
10995116280774|1249
2199023259058|1126
35184372092114|860
26388279068422|234
32985348835830|567
26388279068950|1168
21990232557162|140
28587302324330|427
6597069767754|1071
24189255813362|722
30786325578482|252
35184372090602|230
24189255812378|451
14|1166
13194139534366|1287
8796093022238|1369
10995116278158|968
6597069770126|477
21990232555602|1225
26388279068886|1010
28587302325430|829
4398046511418|823
10995116280546|1352
2850|674
28587302323238|546
17592186045958|187
94|135
10995116281306|868
17592186047098|666
37383395346074|1232
10995116281126|994
17592186047474|1168
37383395346954|1252
30786325579778|643
21990232557694|1269
35184372090598|621
4398046511710|1168
2199023255798|1020
21990232558986|1201
4398046514730|886
35184372089914|1407
17592186046326|879
17592186047374|781
17592186048278|758
26388279067122|128
2199023258710|885
15393162791550|1011
4398046511466|1165
13194139536442|1417
2199023256122|184
4398046514002|615
2199023257374|673
21990232556154|1063
24189255814522|519
2718|294
15393162791558|1070
17592186047454|1108
26388279070082|1223
6597069770302|987
30786325580554|623
32985348835594|781
32985348834178|383
13194139537138|350
37383395346390|626
30786325578238|1078
6597069769302|562
37383395347698|1188
26388279070294|546
26388279068682|879
35184372090102|1294
24189255812230|480
28587302325362|834
8796093023430|1194
24189255812638|185
6597069769094|737
13194139534214|473
24189255811290|883
30786325580302|1420
17592186048306|178
13194139534158|199
30786325577842|930
6597069770366|702
8796093023882|1364
28587302324974|1136
6597069769794|956
13194139536854|875
8796093024582|1001
32985348833670|1254
17592186044854|1019
17592186048138|1140
19791209300174|1405
26388279067814|323
8796093024726|485
30786325579106|178
37383395347118|908
35184372091054|497
13194139535522|1332
8796093025442|677
17592186047030|259
6597069769578|1255
32985348835942|259
17592186045542|438
13194139534654|1141
15393162790718|1406
37383395345058|1379
32985348834686|830
30786325580482|309
4398046511754|290
2398|1345
15393162790750|1425
24189255814014|1256
35184372090146|669
24189255811858|1084
17592186045714|787
35184372090586|330
35184372089750|1374
15393162790730|1056
37383395344462|1151
35184372090750|1300
10995116280862|560
8796093024938|905
15393162792106|1378
2199023257518|370
30786325579754|436
32985348834794|822
4398046512534|209
30786325581110|289
4398046513614|1295
10995116280170|625
28587302325046|1011
15393162789838|621
21990232558862|733
17592186046734|218
17592186045198|884
10995116277970|445
30786325580902|1419
30786325579506|575
35184372092702|136
13194139535554|1291
32985348834722|459
28587302323410|146
30786325581242|1158
8796093025250|1439
46|750
10995116280366|424
37383395348034|769
35184372089890|956
19791209300526|1317
10995116281058|192
24189255814054|143
6597069766882|946
35184372091246|1426
6597069766870|1390
28587302325022|704
30786325577882|1314
35184372090478|211
4398046511842|916
32985348835818|1394
19791209302330|731
37383395346018|953
13194139534494|285
24189255812442|494
19791209303766|336
15393162789506|599
19791209303130|1102
30786325578330|796
24189255811998|436
30786325578874|152
30786325579842|223
24189255811370|1011
10995116278742|975
17592186045762|835
30786325581114|1063
24189255813902|1333
8796093025342|703
4398046512814|1139
13194139534550|1160
32985348835650|505
17592186048098|1401
19791209301538|1380
28587302324802|1289
6597069768798|198
24189255814918|757
19791209300546|399
24189255811382|745
2199023256426|1425
862|1006
35184372091914|1090
2514|770
30786325580722|1261
6597069768554|1204
4398046514642|390
17592186046386|1102
6597069769542|214
24189255811814|1032
35184372091378|460
17592186047566|1421
19791209303630|679
10995116280114|564
714|257
28587302325498|1048
37383395346358|145
28587302324038|187
24189255811322|273
32985348834118|932
4398046513094|271
10995116280262|1245
35184372092310|340
8796093025306|458
28587302324602|1284
4398046511446|1344
42|966
26388279069030|719
17592186045754|1152
13194139536250|562
26388279070454|1390
30786325581158|126
28587302324446|423
37383395346478|919
6597069767702|1421
26388279067494|1142
28587302322534|1056
4398046512018|1295
6597069769130|848
2199023258986|1297
17592186045190|1093
26388279066726|1205
35184372092058|1295
17592186046566|1220
21990232559258|1057
6597069768258|622
17592186044910|1447
21990232557598|1407
26388279067754|256
37383395346750|976
66|177
10995116279398|623
2199023259238|552
10995116281162|750
2434|1143
26388279066802|1215
35184372091898|489
2199023258498|235
10995116281154|1180
4398046514878|968
37383395344802|187
26388279069594|1010
28587302322366|958
17592186045338|392
32985348836546|852
2199023257790|261
2199023257502|467
4398046513166|361
2199023256394|163
10995116279454|1072
15393162789534|589
37383395347062|252
15393162790902|250
2199023257286|802
4398046513410|247
24189255813054|959
19791209302782|1197
21990232558846|178
15393162789218|986
2199023257358|752
10995116281390|537
6597069770386|363
4398046514322|417
30786325578254|469
2902|997
26388279067738|182
24189255812562|910
21990232555998|835
6597069768014|626
8796093025114|400
21990232556010|274
6597069770530|958
30786325580386|364
37383395347734|1162
26388279067250|709
17592186044750|922
17592186044566|745
24189255811442|308
15393162792054|1012
6597069767414|180
6597069769986|494
2199023259154|816
15393162789458|1229
10995116279378|309
30786325581334|1381
8796093023530|693
13194139533618|426
32985348834530|1199
15393162791246|1401
8796093024610|861
30786325578198|544
24189255814102|863
21990232558938|1133
26388279068118|499
4398046513830|551
17592186046810|229
17592186048294|507
24189255811610|993
6597069768514|452
19791209300714|1018
21990232556242|229
2199023258110|1284
15393162788994|714
17592186045114|856
2199023258754|132
26388279067558|302
4398046511158|131
2199023256282|167
30786325580270|1117
3742|1340
8796093022826|295
24189255811362|755
21990232558098|413
6597069769850|1246
2199023258922|617
4398046512694|705
6597069770046|447
30786325579254|1418
6597069768374|261
37383395346982|225
35184372088850|1332
28587302324106|1039
2199023259342|514
21990232558150|536
10995116280938|559
15393162789698|636
35184372089922|742
13194139535662|1067
10995116281646|1328
2199023257390|513
28587302322442|1364
32985348836850|796
35184372089470|844
21990232559370|1336
35184372088958|1217
21990232558830|957
15393162790790|1338
21990232555706|1005
21990232557778|719
30786325578030|1312
26388279067950|516
24189255812486|1008
15393162789546|259
13194139534134|1312
10995116278186|805
28587302323922|1440
26388279069846|831
26388279068646|725
19791209303526|1008
6597069767694|310
32985348833942|1123
1738|1242
37383395345374|477
2199023256702|715
30786325578614|358
3010|1356
13194139534814|805
32985348835554|1137
35184372090562|1366
2199023256842|1284
30786325579886|938
6597069769782|120
28587302325590|1009
37383395347142|562
6597069768610|976
13194139536802|509
30786325578050|773
4398046512366|1055
6597069768430|1368
8796093024494|1359
90|934
32985348835670|1280
17592186048230|944
13194139535450|1423
6597069767358|751
2199023257278|786
19791209302974|487
13194139535878|251
17592186047934|485
8796093023222|635
35184372089334|1055
4398046513298|856
28587302323194|208
26388279069898|640
2199023256434|1163
21990232557018|411
142|184
28587302324454|993
35184372090554|418
26388279068874|1377
19791209300210|154
10995116281286|162
6597069769582|294
30786325579898|1350
710|1301
6597069767858|432
30786325579918|1075
4398046511798|1219
35184372092634|1125
26388279068086|976
28587302325674|230
32985348833786|939
15393162789718|481
26388279067702|257
19791209300522|1327
8796093024810|710
1138|1273
28587302323226|510
24189255814342|208
21990232555718|829
30786325580158|1085
32985348833538|843
15393162790758|656
28587302324218|457
30786325580754|307
15393162790930|1401
2199023257102|1140
26388279068418|455
2199023256594|1080
32985348834838|1004
13194139534578|126
13194139534734|1260
10995116280850|617
1890|249
10995116278246|1240
15393162790910|577
24189255812070|1051
35184372092486|1401
17592186047350|1231
19791209302390|1434
19791209303754|1085
17592186045766|240
21990232558302|527
10995116279062|1040
6597069768038|1046
35184372088954|307
13194139534770|348
10995116278306|834
37383395346910|340
4398046511562|579
2199023257546|1400
13194139535818|616
26388279068026|1310
24189255811422|1262
37383395346678|553
13194139534222|564
19791209303774|1268
35184372091638|1153
21990232555782|960
26388279068310|1146
28587302323138|422
6597069769102|695
28587302323350|473
35184372089106|746
15393162791630|661
37383395345338|1130
35184372089274|1298
35184372091854|306
32985348834146|320
778|1095
6597069768578|1401
24189255813418|173
8796093025682|777
26388279069710|1005
26388279068202|191
35184372088966|1259
26388279067582|228
35184372091714|909
4398046514626|1259
30786325580194|509
37383395347790|119
28587302324554|842
19791209300298|1178
35184372089638|1227
986|941
346|1331
15393162791826|465
24189255812510|178
2199023256210|253
35184372092450|335
32985348836018|523
2199023259118|170
10995116278438|801
35184372091574|286
8796093023542|485
30786325577922|1204
19791209303746|1368
2486|180
26388279069766|481
3746|930
10995116279354|1014
24189255813238|1095
26388279068278|1109
10995116278014|564
13194139535102|285
3258|817
19791209301670|930
32985348834490|357
21990232559290|819
8796093025314|350
13194139533878|1444
24189255812354|1190
8796093025098|959
3358|993
13194139534586|1076
32985348835590|1157
10995116279718|1250
8796093023654|436
4398046513574|682
21990232557170|267
6597069767758|1053
8796093024846|373
26388279069458|1002
26388279068426|502
4398046512718|687
13194139535162|889
37383395347722|632
10995116279994|226
24189255811142|378
4398046513090|278
35184372092014|665
37383395348078|186
17592186046318|1430
30786325578326|927
24189255814390|523
8796093025262|395
98|137
21990232556174|984
4398046511482|608
26388279068406|937
28587302323698|708
32985348834310|511
37383395344394|632
1946|1069
30786325580798|1095
30786325577910|1411
2199023256986|1285
28587302325758|1030
15393162791322|314
3866|142
17592186047186|489
6597069769354|864
21990232558294|223
19791209303558|517
21990232557574|1357
35184372088834|642
6597069768686|732
2199023258646|671
28587302324818|324
37383395344858|118
32985348836478|585
21990232557366|1229
24189255814606|1251
32985348834766|1180
19791209301794|1195
8796093023582|775
21990232558522|772
19791209302150|228
15393162789454|954
28587302322502|1064
21990232558434|520
4398046513230|646
2199023256798|402
6597069769566|456
10995116280750|1423
21990232559402|1039
19791209302934|1059
37383395347506|967
15393162792198|553
6597069770322|1330
3610|841
6597069767038|1042
28587302324658|1385
24189255811458|522
32985348835022|373
30786325579726|640
35184372091506|314
30786325580318|1066
21990232556062|1128
32985348833726|1194
3214|729
26388279070066|1278
4398046511654|1150
15393162790950|631
19791209300778|336
6597069768786|717
32985348836134|112
30786325581322|1058
15393162789950|570
37383395344758|570
32985348834538|414
35184372092466|706
24189255812278|882
30786325581494|930
13194139537170|194
24189255814378|693
13194139535070|1029
26388279068786|890
28587302324730|867
32985348836842|139
13194139535514|975
32985348835778|1383
10995116279946|1346
8796093022742|1142
26388279068726|1390
19791209303214|1049
2199023255690|807
6597069768190|949
37383395346862|1206
19791209300702|418
10995116277782|699
10995116280094|900
2199023255838|769
35184372091190|191
21990232559118|148
26388279067810|1094
4398046512530|426
26388279068706|1433
28587302324770|983
28587302326010|1217
30786325579738|596
30786325579946|834
15393162790438|1147
28587302325150|457
17592186044698|1197
10995116281494|777
26388279067790|1427
8796093023674|118
15393162789346|898
2490|221
8796093025554|352
24189255812742|568
13194139535934|163
4398046511678|985
24189255812698|1185
30786325581166|1348
15393162791658|693
30786325580934|391
15393162789258|1014
4398046513970|928
21990232556838|1312
2199023259310|630
10995116278346|1440
26388279068966|940
6597069766926|1109
1874|163
17592186047366|677
8796093022282|235
6597069770034|1447
15393162790194|1123
2862|923
6597069770314|406
28587302322262|725
19791209302102|507
35184372089070|1410
37383395347554|405
26388279068338|651
17592186046354|446
19791209302886|259
10995116279358|157
17592186045806|679
28587302324422|1260
17592186047838|1426
10995116280510|563
19791209300114|1207
28587302325878|1037
32985348834634|750
8796093024930|581
6597069768570|258
2199023255954|276
2199023257370|418
8796093024862|320
2199023255870|1204
24189255812142|672
19791209302038|184
10995116280346|1147
8796093025086|1386
26388279070246|1068
32985348835090|632
30786325581522|1367
3410|1349
15393162789714|205
17592186046614|1021
32985348835370|817
26388279067566|796
17592186046738|522
10995116278978|724
26388279066962|661
13194139534434|696
15393162789690|570
2199023256350|471
6597069768486|1166
30786325578434|263
8796093026046|1378
30786325581402|791
294|221
6597069770166|1423
4398046514478|317
13194139537018|782
37383395344906|240
21990232556050|1120
8796093024326|442
2199023256134|796
32985348834346|696
32985348836642|446
32985348836734|458
19791209302954|1212
28587302323154|1039
32985348835458|386
8796093024818|1090
19791209300862|1417
32985348834510|877
28587302324670|524
24189255812542|450
6597069767486|267
21990232556970|401
17592186048030|153
17592186045978|625
21990232558394|250
24189255813818|120
32985348835862|416
4398046513774|490
17592186045178|269
8796093022438|933
15393162792762|1305
30786325581406|818
21990232558282|680
19791209301130|642
28587302325386|1243
35184372090810|1321
17592186048130|266
2199023255590|747
15393162792682|1191
10995116279418|1439
2282|473
4398046512890|133
2199023258838|218
6597069768322|765
17592186046682|1406
21990232558810|1364
6597069768994|1393
21990232555742|777
32985348833686|593
170|593
13194139536374|937
15393162791942|1022
518|1084
21990232555526|411
15393162792414|884
2199023257422|209
32985348836354|232
2199023255966|289
26388279069186|277
26388279069738|527
37383395345746|186
24189255812098|919
17592186045630|655
32985348834890|381
19791209302602|503
2858|927
4398046514138|1044
13194139536422|718
10995116279306|573
15393162790446|1018
4398046511822|373
21990232558042|1127
2199023259130|525
15393162791078|848
2842|1134
6597069770010|455
10995116281038|810
15393162790418|410
17592186047666|1320
19791209301194|1446
28587302325894|140
15393162791914|1058
37383395346082|1368
19791209300738|160
2199023256862|692
6597069767658|119
17592186045834|1051
30786325581314|674
15393162790626|594
6597069770466|148
15393162792310|413
35184372089462|559
2199023257486|660
13194139534790|421
21990232555626|556
6597069767586|1310
32985348835486|413
37383395344818|1408
35184372090026|637
15393162791654|658
10995116281254|1131
15393162792646|1358
8796093025510|217
10995116278450|1039
26388279066650|125
2226|798
32985348837030|1350
17592186044582|992
24189255811758|1423
6597069768066|205
17592186045614|1239
30786325578374|276
15393162791326|581
32985348834218|190
30786325581454|180
30786325579390|858
8796093023602|353
13194139536290|902
15393162791910|396
26388279069554|926
21990232557198|310
21990232556906|529
15393162789326|959
6597069767934|866
15393162789754|662
21990232556526|218
4398046514998|708
26388279068330|558
2199023257458|901
6597069769190|970
10995116279270|238
28587302326018|115
21990232558782|1434
32985348836174|955
17592186048170|245
6597069768406|1024
28587302323858|532
17592186047194|355
10995116279774|753
13194139536798|1058
30786325580058|420
19791209300826|1156
8796093025906|200
37383395347866|524
17592186045206|1097
2199023255982|892
17592186044466|1301
15393162792626|1167
37383395346006|351
8796093023494|836
35184372089842|372
6597069769478|1339
2106|778
2199023258170|920
2199023257026|1288
2702|1349
30786325580434|1168
13194139535458|436
6597069767106|925
19791209301910|1206
37383395348206|1310
37383395345330|139
4398046514958|890
30786325578678|1328
26388279069154|833
17592186045898|969
37383395347074|1436
30786325578194|135
32985348834810|439
17592186046450|196
37383395347958|1005
35184372089346|1395
30786325581370|856
970|491
19791209302418|952
19791209303122|186
19791209300026|1208
2199023258846|1330
6597069770294|790
35184372092294|881
15393162792262|327
28587302323806|150
10995116280598|1069
19791209301802|154
24189255812178|1129
4398046511982|1292
24189255814190|1070
28587302322294|1130
1034|746
32985348834422|187
10995116280014|1383
32985348833390|880
32985348834818|260
19791209300202|535
35184372089646|1140
24189255811798|400
26388279067866|1363
32985348833442|965
30786325579570|1440
35184372089582|523
26388279067442|483
26388279068926|1316
17592186046834|1015
17592186044826|578
2199023255830|617
13194139533766|596
30786325577790|1119
28587302322210|972
35184372090350|376
30786325581258|1127
28587302325194|1419
15393162789630|441
19791209300874|1197
24189255811738|772
17592186045594|278
6597069767278|1211
37383395345750|1276
37383395345678|659
1134|1301
28587302324630|1320
4398046512358|1148
37383395346458|393
37383395345970|567
1878|238
28587302324194|914
35184372089926|994
24189255812038|1087
6597069766814|780
17592186047970|1303
26388279068078|964
17592186047918|831
37383395345554|317
3426|726
17592186047226|1295
19791209302266|1285
32985348834074|410
2650|1342
26388279068734|755
28587302324562|283
26388279069338|668
2954|1026
2199023257994|1419
30786325579542|503
15393162790962|515
28587302322542|1438
24189255813890|902
422|677
26388279067778|206
32985348836970|998
28587302324842|712
32985348834886|1357
17592186047414|1375
30786325578846|254
32985348834082|845
28587302322378|1342
15393162790986|267
10995116280906|481
4398046512502|471
30786325579730|1426
35184372089446|1154
10995116278754|192
35184372092062|704
35184372089394|1004
30786325580438|165
28587302323250|501
30786325578838|391
3238|1337
2230|1304
28587302322350|1327
35184372089854|425
28587302323682|795
21990232557482|1304
13194139533922|1439
35184372090714|1451
24189255813874|785
24189255814249|990
17592186044657|606
17592186046249|551
28587302325545|1195
15393162788901|407
6597069768709|544
3197|742
24189255811369|1010
17592186046893|460
6597069767045|745
17592186048105|1170
13194139534781|638
26388279068265|162
1661|748
19791209301977|1062
21990232555993|1324
13194139533469|492
28587302325041|291
32985348833489|475
37383395348101|656
28587302324873|280
26388279067561|911
10995116280321|1250
37383395347453|1082
19791209302441|1185
37383395347973|577
30786325580985|1282
37383395344729|1082
4398046513597|332
24189255811409|1250
21990232556369|1091
4398046511893|1220
1813|128
35184372090001|939
13194139535237|1316
17592186047985|694
4398046511473|415
30786325578837|964
26388279066709|423
13194139536357|686
28587302322773|438
17592186046913|713
6597069769965|723
26388279067777|1142
2199023256385|1219
2797|1360
19791209301253|188
24189255811081|510
13194139534405|943
801|1110
19791209301073|1342
13194139534685|1422
10995116278765|899
10995116279933|882
19791209303117|1261
21990232557853|1424
32985348834033|747
293|865
2541|611
17592186047309|1352
13194139534613|1178
30786325578649|1374
4398046514645|398
21990232558489|687
24189255813917|1377
28587302323441|1179
26388279068325|823
30786325578013|980
2199023256517|1074
24189255812957|977
19791209303809|502
10995116277805|1264
8796093022765|288
28587302323189|394
21990232558577|316
26388279069613|515
24189255813677|1178
24189255811945|520
32985348836201|941
24189255811645|1340
26388279066893|640
13194139534945|839
32985348834205|978
26388279068061|611
8796093023069|1122
4398046512669|1192
15393162791125|1354
32985348833433|1319
2199023255781|1345
8796093024997|1132
37383395344761|1386
19791209300653|1312
35184372091241|1025
2909|643
17592186046397|480
17592186047749|563
13194139533493|1086
35184372089945|716
24189255814733|1197
28587302322633|844
2199023257905|1048
4398046511589|1409
17592186046897|1070
21990232559025|1112
13194139536393|228
30786325579185|365
17592186046197|1401
21990232557345|277
35184372091513|408
6597069769397|959
32985348837101|826
4398046513885|265
8796093022573|363
19791209303713|1110
21990232559277|722
28587302322349|390
26388279069969|1159
8796093025545|613
13194139533409|172
4398046511721|1365
15393162791017|199
21990232556649|519
15393162789125|866
24189255814321|943
37383395346805|667
35184372091765|373
10995116277849|280
4398046514117|981
6597069769021|1115
30786325579441|499
21990232559245|500
10995116278841|686
17592186045649|1102
26388279069113|1005
28587302325177|1156
37383395346257|1000
26388279067453|1374
30786325579581|650
30786325578965|1303
28587302323129|1248
2199023258257|311
32985348834529|1434
2199023258001|1282
30786325579589|225
6597069770397|967
21990232558093|1184
17592186046665|786
21990232559197|250
4398046512545|1282
21990232558305|1206
10995116279981|1069
32985348834001|257
13194139535901|1114
32985348834665|1211
24189255813165|1296
8796093022689|721
8796093025593|1113
32985348836245|1102
37383395345113|1093
4398046513373|1340
4398046511417|866
3497|575
13194139534817|474
19791209302381|1425
35184372090537|523
15393162791049|1016
8796093023577|620
35184372092641|1445
15393162789721|773
4398046513829|979
30786325579637|389
35184372091777|980
10995116281469|1447
28587302325769|1241
26388279066897|961
21990232555933|1406
30786325578937|303
19791209302713|706
37383395346673|668
28587302324813|720
15393162789909|588
26388279067257|487
6597069766725|695
15393162790041|1069
13194139534941|184
15393162790713|665
8796093022873|165
33|969
6597069768225|213
32985348836369|1365
30786325581329|116
30786325579445|1235
32985348834485|314
24189255812017|589
35184372092565|331
4398046513269|1042
10995116279413|780
19791209300285|1262
26388279069501|1205
10995116280497|127
8796093024433|1302
4398046514769|796
15393162791721|298
37383395345941|411
19791209300165|1401
21990232557253|997
2199023257545|256
15393162789305|403
8796093023693|1302
30786325578205|713
26388279069381|1304
17592186045817|992
15393162790813|216
2199023259429|1420
19791209302305|954
10995116279589|1208
6597069770085|1423
6597069769117|1344
3217|1127
28587302325089|575
4398046514521|1320
37383395347569|1100
15393162792733|134
28587302324681|1102
1417|961
15393162791109|1189
15393162791585|601
26388279069649|846
6597069769685|971
37383395345457|778
24189255814001|1266
6597069767329|1363
15393162792245|444
10995116279765|1304
2199023257249|128
28587302322953|1447
17592186045229|765
8796093025333|727
30786325578409|1073
21990232558249|603
1009|797
19791209299997|452
30786325578853|952
28587302324945|555
13194139536557|1302
30786325579657|608
4398046513093|337
37383395345725|781
32985348835969|953
13194139534293|1017
28587302325889|796
35184372089009|720
35184372089965|627
15393162788993|447
10995116278545|1242
2199023258385|422
15393162792657|299
8796093024773|1047
2199023255557|1014
13194139536513|864
28587302324313|1211
17592186048233|386
2199023255809|1402
1545|598
10995116281229|744
26388279068441|1349
10995116279773|262
30786325580989|1125
21990232555725|426
17592186047829|1297
17592186047233|385
37383395346277|1151
21990232557901|520
28587302325677|847
21990232556461|659
28587302324045|191
17592186046125|674
26388279069793|798
30786325579769|1071
977|1340
19791209300481|1122
4398046511849|165
10995116278229|934
35184372090777|741
6597069766985|1381
4398046511945|126
10995116280017|1263
35184372089761|1065
28587302323201|1414
2425|1333
15393162789661|436
2199023255573|779
21990232558145|270
17592186048065|475
35184372089481|575
10995116280281|1015
35184372092361|1108
30786325580241|266
15393162792101|934
24189255812717|482
32985348834657|554
13194139534341|1425
4398046513209|698
24189255814953|853
30786325580313|1265
10995116279701|1336
8796093025937|347
21990232556573|703
6597069770105|1317
8796093023097|827
2199023256229|762
4398046512293|1209
1541|790
15393162790077|1174
4398046511445|117
2199023258833|824
10995116280137|602
6597069769417|352
2199023255701|1118
15393162792085|935
37383395348013|1316
24189255811377|1262
1533|897
30786325581101|303
1937|1074
13194139536273|1032
10995116277761|1147
2199023256977|342
2199023257209|1350
35184372089373|669
15393162792477|714
13194139535869|481
2809|437
8796093022645|1314
13194139535369|1398
15393162791433|996
26388279069701|773
13194139534773|1299
4398046511181|605
3785|263
6597069770329|521
15393162790489|968
37383395346021|665
8796093025549|1086
10995116281613|131
26388279068641|1147
24189255813153|1258
19791209301805|1244
21990232556665|161
13194139535865|824
8796093023469|571
10995116279533|1152
4398046514713|1045
4398046513389|401
15393162789257|782
13194139533549|383
4398046513953|296
35184372089801|929
30786325578721|413
2199023258913|940
32985348835685|1297
19791209300317|1041
30786325580645|678
10995116278809|615
1269|133
8796093022641|921
28587302322741|568
32985348834869|1103
28587302323849|1249
15393162790217|833
37383395346709|1431
10995116280865|1222
2199023257273|255
13194139535905|1130
6597069769041|799
17592186046517|677
35184372089333|1364
37383395347637|292
8796093022697|1189
19791209301889|1107
15393162790089|561
6597069767201|608
2199023258601|773
8796093025825|811
17592186046081|818
21990232555905|172
10995116278453|902
17592186045933|1047
24189255811909|278
10995116281573|1447
8796093024609|258
8796093025729|722
2199023256129|1257
32985348834337|1432
2199023258193|1444
10995116278353|604
30786325581381|555
4398046511553|821
32985348834881|1413
30786325578817|232
32985348837129|1335
2199023259289|209
26388279066717|976
6597069769369|1013
35184372091045|1223
26388279068997|199
37383395347697|666
28587302325061|272
6597069768937|720
15393162790925|1328
8796093023641|1297
8796093022377|190
19791209303069|601
21990232556969|306
28587302325249|280
35184372092317|640
26388279069857|708
37383395345445|487
19791209302493|567
8796093024425|1043
15393162790829|637
32985348835953|1028
24189255813277|1398
6597069766697|185
21990232556237|185
28587302325453|389
4398046512961|1089
8796093025081|930
1617|795
15393162789289|1449
28587302322745|1273
21990232558649|1298
17592186047993|982
15393162789381|522
24189255811453|268
4398046513201|729
10995116279345|486
26388279070069|289
15393162790885|608
26388279070489|1090
21990232556313|1313
35184372092061|594
26388279067557|1353
17592186047217|1448
21990232559345|613
24189255814049|1393
2199023258953|1179
30786325578341|728
19791209301745|511
17592186048101|746
10995116279797|761
17592186044629|567
10995116280765|1405
32985348834149|647
30786325581013|1345
13194139534661|801
8796093023957|279
8796093023733|793
35184372090381|252
28587302324265|721
17592186045581|698
15393162791329|1232
1953|465
26388279068045|491
28587302324773|427
30786325578381|1017
13194139534565|599
13194139534705|668
26388279069817|1021
15393162792509|764
2277|123
8796093026037|580
35184372091941|1233
2509|935
15393162789949|194
30786325580413|399
32985348834401|1058
1513|944
13194139533433|1416
35184372089189|944
15393162791685|692
2199023258229|1431
32985348837117|726
2199023255817|1385
2199023256881|1393
6597069767345|876
26388279070325|323
30786325578717|378
10995116280933|910
1137|1151
8796093023553|1197
13194139533633|449
10995116280685|1020
2199023256429|888
21990232558421|1443
19791209301581|1072
15393162792317|1331
30786325578485|368
28587302324149|784
15393162790425|204
17592186047925|475
8796093024625|591
8796093022837|139
13194139534677|1041
4398046513917|1005
2199023258877|759
13194139533673|919
13194139534077|334
4398046513405|495
15393162789769|238
21990232558149|986
37383395345237|155
26388279067089|346
30786325581161|763
26388279070181|198
10995116281393|363
19791209301813|537
35184372092149|1064
19791209300681|1110
24189255812069|331
13194139536293|1374
28587302322313|1050
32985348836545|1162
15393162791333|599
19791209300161|385
15393162792285|263
21990232555853|1145
21990232556025|769
24189255811349|1105
28587302322813|652
26388279068745|371
17592186046773|299
6597069767109|212
32985348835825|1028
17592186046449|1323
15393162791473|684
28587302323193|1130
19791209302421|203
4398046511969|1082
37383395345265|1408
28587302322581|484
8796093024333|1004
17592186047689|1250
30786325577929|1416
429|851
28587302325729|872
10995116277893|1181
15393162790181|446
2853|1334
6597069767553|343
6597069767405|1181
8796093023885|1064
15393162789005|502
35184372092257|381
37383395347713|1210
26388279070085|1305
30786325579797|185
26388279068089|493
32985348836297|491
8796093023545|593
35184372089873|274
37383395344805|1430
13194139533821|1054
37383395346697|1259
6597069769101|951
13194139534625|820
8796093024957|1014
21990232555737|1173
17592186045197|1348
10995116279941|1293
4398046512773|912
2199023257897|826
10995116278005|1300
2199023256841|825
2199023257637|739
13194139534885|528
8796093022757|940
32985348833353|442
35184372092345|1135
13194139535133|1046
26388279066949|1088
3289|829
17592186044877|1227
30786325581261|1292
4398046512709|136
4398046512633|1199
15393162792005|449
10995116280825|437
30786325578793|785
10995116281305|1196
19791209302361|849
10995116281197|915
13194139536333|772
6597069768017|353
26388279070373|130
6597069769289|1394
35184372089417|427
21990232557305|641
26388279068929|118
24189255813961|422
32985348836185|398
21990232557677|638
2199023257417|1320
8796093024725|1075
4398046512793|325
15393162792629|386
6597069769389|1379
35184372089357|1266
19791209301705|650
21990232558457|211
37383395344965|1066
35184372089233|621
4398046513941|451
30786325578329|153
28587302325229|860
21990232557841|1414
17592186044813|963
28587302325929|1439
17592186048313|115
10995116279665|706
8796093024049|1446
6597069767381|550
2199023257993|124
32985348837061|1111
26388279067537|1192
2199023256257|1396
19791209301561|1131
30786325580341|176
21990232556109|541
21990232558605|160
10995116279809|1175
32985348835641|581
30786325580393|1405
13194139534461|1064
8796093022333|1331
2433|699
17592186047077|909
19791209303289|1190
13194139533425|161
26388279067625|948
13194139536473|224
15393162790057|844
4398046514237|370
26388279067161|1189
13194139536981|933
21990232556165|983
32985348836853|1085
8796093023181|1220
17592186047245|1053
37383395346681|1104
19791209301885|375
28587302323649|732
24189255814021|495
19791209300777|604
26388279070317|777
4398046511877|904
4398046512865|127
13194139536065|392
21990232556841|944
2199023256397|1085
24189255814769|1428
35184372089973|164
28587302325633|966
2993|1175
15393162792269|1244
19791209301377|1129
37383395348105|471
6597069769697|485
2429|1343
37383395346625|1043
24189255813913|645
30786325578009|490
4398046514221|1245
15393162792221|521
6597069767873|478
28587302323981|931
21990232557837|686
4398046512833|820
6597069767953|1080
32985348836877|1424
6597069766773|1005
13194139537169|548
4398046512913|137
28587302323901|472
13194139534333|938
19791209300793|936
21990232557009|756
2001|855
21990232558213|1345
4398046511169|1203
26388279069633|874
13194139535457|1229
35184372092297|536
26388279067249|1254
37383395344409|1177
35184372091929|1221
35184372090137|1405
8796093024909|652
30786325579377|1364
21990232558229|1440
10995116281441|824
8796093022917|795
30786325579125|422
21990232557505|1340
19791209300277|1360
24189255813969|1365
8796093023717|1226
13194139534345|315
17592186047825|709
17592186044705|1286
28587302324757|326
24189255814297|939
6597069769777|1326
13194139534933|645
19791209301845|746
30786325580117|544
24189255814945|1372
24189255812625|726
30786325579877|277
26388279066641|1226
17592186046481|354
301|586
30786325579857|169
10995116279553|1349
19791209301129|432
3801|134
10995116279001|496
35184372091693|260
17592186046709|1396
13194139534297|248
30786325578333|1248
19791209303133|439
10995116277945|724
21990232557453|765
10995116278581|377
35184372090733|1370
28587302322797|944
35184372092013|684
2199023257341|837
37383395347593|833
8796093025561|1162
6597069767565|597
21990232557717|317
2199023258821|1391
17592186046161|1313
2199023256781|883
10995116280793|1441
2199023259041|792
24189255812229|209
21990232557549|350
26388279070421|520
8796093024441|416
19791209300341|1064
35184372091025|766
24189255811877|198
19791209301505|1422
28587302325761|1243
2209|720
8796093022369|135
10995116278113|499
17592186046681|1247
35184372091201|934
10995116280965|897
26388279070185|1144
6597069770173|350
21990232555745|1278
8796093025301|1388
32985348834013|536
19791209303773|134
21990232558913|1026
4398046513357|1356
35184372090261|572
10995116279501|485
13194139533805|1298
2793|149
10995116277993|1385
32985348836265|464
32985348835717|683
35184372091181|885
15393162788877|1410
2199023258697|549
26388279067741|1150
37383395348145|789
32985348833697|315
10995116278797|615
15393162791413|1122
4398046513985|1369
24189255814905|644
13194139534513|178
2601|640
4398046514729|278
8796093024205|1208
30786325580305|483
21990232556049|829
8796093024105|821
35184372089573|486
24189255812353|367
37383395346725|925
10995116281325|612
35184372090165|949
35184372092721|798
13194139536613|745
4398046513081|752
21990232558297|728
32985348834733|491
35184372089053|488
35184372088937|226
2199023256909|1131
13194139534557|1194
4398046514397|1089
761|115
2199023256213|1316
6597069768341|219
30786325580037|1210
28587302324713|844
15393162790821|1315
4398046514597|182
19791209300705|216
6597069770277|361
10995116280293|830
8796093025449|1386
30786325580385|274
2199023256113|325
2199023257149|761
13194139535421|983
10995116279989|1084
24189255814957|1099
19791209303673|440
19791209303609|906
24189255813689|1424
10995116279649|1416
30786325578685|513
26388279070281|211
21990232557321|1092
32985348834605|504
21990232559297|1183
37383395347749|1163
17592186047085|1411
28587302322285|190
37383395345565|464
13194139536701|129
30786325580725|375
4398046511549|1160
6597069768413|168
8796093024397|1246
30786325580789|819
1273|341
15393162791513|403
4398046512873|1121
21990232557633|386
15393162790997|325
28587302324661|1272
15393162791025|1330
101|599
17592186045365|947
21990232559045|1120
3637|283
15393162789113|1222
37383395347357|323
10995116280477|778
4398046511745|1278
15393162791041|337
6597069767573|1448
2199023256221|1215
32985348836577|739
3377|1084
2199023257629|359
2199023259157|335
32985348836437|1263
17592186044477|1080
30786325578901|841
26388279069269|509
28587302324797|458
24189255814209|614
19791209303081|780
19791209300465|123
15393162791101|891
24189255812593|499
8796093022977|1318
17592186047721|1122
32985348834173|487
21990232558473|1251
28587302323621|1153
24189255813941|370
2199023255697|906
6597069768233|510
2199023256105|919
21990232558733|389
19791209300929|1307
21990232558049|1424
37383395345485|275
2199023256629|1256
15393162792709|1414
6597069766709|764
24189255812565|502
19791209301449|680
17592186045485|1307
32985348834777|1341
6597069767357|525
10995116280533|1153
2201|1438
28587302325757|1223
17592186046461|481
32985348835161|983
6597069768045|454
32985348834861|649
37383395347341|547
19791209303445|1194
10995116281653|1092
1309|858
26388279070397|457
15393162792213|738
19791209303441|985
17592186046489|643
32985348837141|1378
13194139534813|1134
28587302324137|1165
26388279070065|321
13194139536849|1259
30786325581209|916
35184372092021|402
13194139533477|126
8796093022397|484
28587302322225|144
2199023255805|607
6597069767933|363
13194139533921|255
32985348834501|262
10995116278957|919
10995116280525|1260
2199023256957|1331
13194139536253|791
24189255812257|502
2199023258949|1249
6597069766713|698
2199023257881|414
17592186044497|729
26388279067525|579
32985348834693|952
4398046513129|641
35184372090801|427
8796093025245|375
15393162792413|386
21990232557285|724
17592186045709|124
37383395346781|334
37383395346077|1150
28587302325945|626
24189255811769|516
6597069770445|1128
10995116279141|528
4398046513757|1046
6597069768797|1083
8796093023093|598
26388279067033|167
24189255813877|309
8796093025361|152
4398046512361|1442
17592186046873|380
13194139535585|1298
28587302322697|1163
2199023257721|754
24189255813897|264
17592186046097|1058
21990232556177|591
32985348834889|640
30786325578825|1062
35184372090585|777
6597069768569|1375
37383395346181|1087
4398046513221|196
13194139533845|726
10995116278577|1396
8796093023685|1204
4398046513605|678
13194139533695|810
15393162791207|783
2967|560
2199023256871|809
35184372092191|1217
8796093024411|1337
17592186044871|1329
28587302325191|756
17592186044479|600
32985348835391|813
1907|1047
35184372090471|291
17592186045103|252
35184372088955|1275
37383395345019|491
2199023256075|1164
26388279068975|1398
21990232559403|1128
8796093024471|1243
24189255812003|504
17592186045159|1134
37383395344751|180
10995116280535|386
443|1322
37383395345487|1410
10995116278559|479
4398046511335|764
37383395346631|458
24189255812799|1046
967|824
35184372089155|1205
19791209302375|1186
6597069769611|723
4398046514451|1382
21990232558759|1288
24189255814823|1099
21990232559251|921
19791209303391|1159
26388279068511|637
28587302322855|399
17592186045563|225
10995116279615|1423
19791209302191|404
32985348834479|262
26388279066783|1343
26388279066767|1142
28587302326003|573
2199023255639|234
35184372091703|335
13194139535035|768
6597069768023|651
35184372091891|975
24189255812251|611
8796093025111|497
24189255814819|820
13194139534283|338
35184372090411|806
26388279068083|313
8796093025619|857
28587302323639|549
26388279068599|603
13194139535971|882
4398046513575|488
8796093025091|1075
17592186046503|890
24189255811491|622
32985348836979|909
6597069770427|1330
10995116278459|549
17592186046371|1211
15393162790615|1154
8796093022423|1238
2199023255867|1229
8796093024339|319
37383395344687|1037
24189255814231|307
28587302323859|590
8796093022399|796
3623|966
35184372091691|1016
30786325578055|1247
13194139535319|819
30786325581439|459
4398046512595|537
37383395347787|974
26388279069303|294
21990232557039|266
19791209302819|1165
4398046511187|853
2199023255671|443
30786325580767|462
4398046513531|1385
8796093025119|592
8796093024123|505
10995116279927|797
10995116280415|830
19791209301979|933
37383395344775|621
4398046511779|554
10995116278271|328
37383395345147|1015
13194139536643|1308
15393162790499|1267
28587302323075|1446
17592186045871|1062
499|293
30786325579203|1385
8796093024951|800
28587302324983|599
4398046512395|564
267|639
8796093024747|808
10995116280587|325
32985348836415|1411
24189255812495|612
8796093023539|1253
2199023258903|684
35184372090027|1071
6597069768551|1236
4398046514543|1037
30786325578707|1091
10995116281475|1426
35184372091843|500
13194139537067|1296
17592186045723|1152
30786325580007|690
10995116280851|1376
10995116281187|1225
15393162791259|1353
4398046514219|235
8796093022979|347
2819|674
13194139536867|362
17592186048219|1328
28587302323647|141
37383395347595|258
21990232556763|276
15393162789351|614
24189255814595|1148
32985348834063|1379
19791209300275|1199
32985348833291|350
19791209303823|860
28587302324695|1036
19791209301447|509
37383395345499|1001
13194139535959|1000
1235|855
17592186047571|988
4398046514623|803
35184372092379|718
2199023259195|909
26388279066763|534
4398046511323|624
8796093025915|1310
1979|1144
2199023256067|767
32985348834099|1271
8796093025191|938
37383395345535|903
13194139536507|944
6597069769275|842
32985348834559|670
10995116280591|956
13194139536655|383
30786325578535|884
37383395347651|659
32985348833775|348
2507|1254
32985348835407|237
6597069767431|460
30786325580367|424
37383395348151|612
2959|1083
17592186044755|964
8796093025603|546
19791209301551|1048
17592186045487|1309
13194139535263|1123
26388279069743|1222
35184372092095|405
4398046512111|543
26388279069875|456
37383395347459|821
6597069770143|409
10995116280371|944
30786325579647|1106
10995116280539|562
28587302323283|294
17592186047739|1279
10995116279171|591
6597069769091|643
8796093024131|1341
2891|261
24189255811427|1195
13194139535471|952
10995116279851|1062
555|425
6597069767607|1325
13194139535799|336
4398046513675|1014
30786325579611|1433
17592186047323|112
21990232558899|127
24189255814491|444
26388279068371|195
35184372091475|1297
24189255812295|1350
32985348836551|423
6597069770319|541
19791209303807|1203
32985348834711|788
13194139533759|781
30786325581179|1242
4398046513863|1449
37383395345223|824
27|1282
8796093023915|407
28587302325115|366
21990232555979|1239
26388279070155|489
26388279068851|688
21990232556923|702
26388279066755|695
37383395346443|1125
2199023256839|1244
19791209301151|1242
10995116280483|878
37383395347179|1351
13194139534439|753
28587302325359|456
19791209303659|1299
30786325581187|1393
13194139536247|858
1271|465
28587302322447|618
30786325580623|773
30786325577903|425
6597069770519|1181
71|1321
35184372089659|512
19791209303203|1352
17592186046075|611
15393162791527|1061
35184372092491|1279
4398046512439|604
37383395348231|1433
17592186047583|612
15393162790067|1136
32985348837063|426
26388279067615|330
32985348835863|859
24189255813659|290
2183|120
1483|1126
13194139536927|1122
10995116279839|765
37383395348219|1087
15393162791631|1382
15393162789615|398
6597069770223|846
32985348835547|1373
6597069769619|240
4398046514799|512
21990232557535|547
30786325578943|1282
37383395345179|289
4398046513391|793
32985348834199|1106
15393162791963|1064
35184372092295|549
10995116280459|733
3575|402
24189255814743|1266
32985348835151|480
30786325581031|218
35184372091427|419
26388279069115|710
30786325579239|1095
2199023256475|1178
10995116280731|1013
13194139534219|1050
26388279067863|955
28587302324007|749
17592186047783|806
2199023259019|328
8796093023903|766
32985348836031|1332
28587302325951|529
21990232556475|1374
30786325579967|284
35184372091603|835
28587302323239|1062
28587302322999|1050
26388279066935|1133
13194139533859|1289
15393162788899|786
30786325579827|793
32985348834747|196
35184372092327|854
37383395348279|710
13194139534411|1093
8796093022283|771
30786325580287|1158
26388279070207|1239
6597069767055|1342
32985348836351|474
8796093025483|239
2199023255631|1292
10995116281547|238
26388279067927|1216
13194139533407|968
26388279070231|252
35184372089039|670
28587302323827|1045
8796093023059|130
17592186047603|1211
8796093024207|315
17592186046991|882
10995116279055|1323
8796093023327|475
6597069769291|259
21990232557983|815
28587302322191|426
24189255812627|1194
17592186046035|958
15393162789751|1264
8796093024015|713
8796093025231|1177
2199023256003|800
24189255812075|1216
8796093024775|235
26388279066739|445
13194139533751|1194
3511|957
30786325581463|1386
10995116278011|1223
15393162792123|890
32985348836607|1158
21990232557311|494
24189255814471|978
32985348834631|1425
15393162791419|1420
26388279067143|269
17592186045207|1042
13194139533343|605
6597069767603|1242
26388279070187|450
6597069769247|454
37383395348271|558
28587302323603|1338
2199023256435|451
26388279067707|1194
17592186045571|502
13194139534827|1152
17592186045579|1014
32985348835159|423
28587302322227|1178
28587302323031|685
8796093025351|723
24189255814659|1104
17592186048103|582
21990232557007|1126
19791209300943|956
35184372089475|424
37383395344915|599
30786325579507|504
17592186048239|752
2199023256807|635
21990232558319|1087
10995116280471|656
2199023256215|216
21990232555935|811
35184372089563|1200
30786325580971|1427
28587302324907|230
13194139536703|853
4398046514183|732
24189255811807|524
37383395347283|1167
15393162792063|724
4398046512767|1443
26388279067239|405
19791209302119|824
30786325580227|722
24189255814411|1185
4398046514783|1098
2199023257695|432
17592186045291|270
15393162791895|718
4398046511575|515
8796093024595|328
26388279067019|582
35184372092303|822
26388279068707|1440
32985348834347|689
6597069767019|1101
24189255813195|725
2199023256939|1307
32985348833863|482
21990232555647|681
35184372090131|990
6597069766867|1140
19791209303867|451
30786325581307|632
26388279067291|1368
21990232557739|1408
30786325577899|190
28587302322467|140
35184372092123|1422
32985348834679|899
17592186047543|1216
35184372091315|1011
28587302322659|981
6597069768187|1189
35184372090367|706
2839|397
35184372089259|136
6597069769287|775
37383395347535|1057
10995116280939|499
24189255812679|672
4398046513711|296
10995116278391|1366
30786325580775|941
10995116280711|1380
15393162790799|1424
8796093022403|287
30786325579427|710
4398046511339|652
6597069767403|174
13194139533915|703
13194139534255|1307
6597069769135|407
2199023255731|426
21990232559327|534
32985348834527|469
607|324
32985348835931|802
32985348836095|1367
15393162792363|948
35184372090175|905
8796093025195|451
6597069769323|568
32985348833467|656
32985348835035|1206
21990232555631|380
35184372089887|429
19791209301999|617
17592186047291|1010
26388279070131|201
4398046512087|1251
26388279070255|147
24189255814139|652
13194139537131|1314
21990232559351|679
6597069766935|924
19791209302035|1422
21990232558207|234
10995116280891|702
21990232558083|1047
37383395345699|1226
37383395345955|572
6597069770395|668
4398046512931|1300
37383395347447|459
17592186045983|991
15393162790299|902
10995116278171|537
19791209302515|615
1191|632
32985348834699|540
19791209301811|1026
19791209302131|923
15393162791203|199
15393162791039|223
21990232556707|1359
15393162788971|1178
10995116278891|282
30786325580107|541
1711|1217
13194139535483|169
2199|1081
17592186046927|1007
30786325578319|1011
6597069769675|1343
28587302322887|933
37383395346259|929
2199023257811|1382
32985348836159|1381
21990232555863|397
32985348835015|827
28587302323287|765
30786325580027|136
8796093025051|475
28587302323171|325
8796093023383|825
6597069767499|442
15393162789559|192
28587302323987|196
30786325581135|1348
4398046513295|1065
8796093025779|1233
1523|1209
8796093023375|1306
37383395345527|588
24189255814667|922
2051|772
17592186044679|229
37383395347311|1087
703|336
32985348836587|476
2199023256911|1367
26388279067003|423
6597069767703|890
13194139534175|1143
4398046513731|1430
2231|1276
6597069769055|1239
2371|630
13194139536075|404
19791209302351|573
17592186045495|775
30786325578079|696
6597069770099|440
15393162790259|408
15393162790823|1064
13194139534759|894
6597069770031|1337
17592186047031|708
24189255812875|592
21990232556131|1286
19791209301091|917
4398046512903|1429
35184372089991|575
30786325580443|776
30786325578375|1119
37383395346055|941
37383395347207|892
35184372089927|599
15393162792731|525
15393162788963|363
35184372089679|1424
1971|1117
28587302322643|720
37383395345775|1035
2199023256319|1227
255|597
21990232558967|321
10995116280071|632
32985348835627|113
21990232555675|1321
2195|1045
28587302323047|713
32985348833523|1404
17592186047263|961
35184372091919|1063
6597069767619|1081
8796093022767|120
37383395347983|1154
21990232555907|1069
28587302323443|628
13194139537171|1062
17592186046355|1041
37383395346403|1125
8796093025043|1124
13194139534271|1334
30786325579003|1423
32985348835883|276
3111|468
28587302323891|938
4398046513339|815
2199023257375|894
10995116281631|1345
21990232556895|742
17592186046535|1345
10995116280739|1192
4398046511391|1110
4398046513311|1412
28587302325779|580
28587302323427|1252
21990232558307|631
13194139536647|292
8796093025835|1185
24189255811851|664
17592186045787|876
2199023256603|1167
13194139533587|311
37383395344979|1079
21990232556099|454
35184372089127|522
4398046513971|685
19791209300431|1040
21990232557887|528
28587302323775|906
32985348833855|444
6597069767199|1086
13194139534915|311
32985348837059|998
4398046511983|388
24189255813219|982
15393162790507|1141
10995116280563|112
2199023257807|1289
6597069769935|1349
13194139535055|330
35184372092515|381
19791209299987|1452
10995116281311|138
4398046514955|931
21990232556899|979
26388279070503|1326
4398046514399|257
13194139535203|471
24189255812859|1422
13194139536527|1436
2199023256207|121
8796093022759|876
19791209302511|298
15393162789891|1082
35184372089091|760
37383395345971|1452
32985348834279|1125
28587302324199|1365
28587302325211|119
21990232557879|232
17592186046487|1418
13194139535715|596
8796093022543|1366
8796093024251|113
6597069767523|1358
35184372091695|376
707|395
19791209303843|897
19791209301543|1191
21990232556971|410
30786325581523|667
17592186045139|814
10995116280431|1041
2199023256175|210
10995116279255|1082
4398046514539|275
6597069768471|205
28587302324679|121
8796093022995|1069
15393162789271|798
8796093025263|867
26388279069155|838
2199023258555|958
10995116277783|877
30786325579843|848
26388279069343|1426
17592186045507|1015
8796093022859|951
13194139534871|457
13194139535095|918
8796093024899|1057
35184372090607|423
1931|1237
4398046513467|615
15393162790083|1140
24189255814871|182
32985348833479|779
21990232556507|1266
4398046511639|1110
24189255811579|968
17592186046735|220
135|164
21990232556539|424
91|126
15393162792567|1327
6597069768311|285
10995116279687|355
15393162790035|342
17592186048175|572
37383395347919|1212
26388279068391|959
15393162791315|964
32985348836211|1081
4398046511151|1356
563|264
35184372092391|699
35184372091279|404
30786325580727|991
15393162791947|771
8796093023563|989
10995116279303|1058
2995|1041
28587302324315|949
26388279067699|504
10995116279627|676
15393162789895|726
28587302323315|1343
30786325578355|764
26388279068475|1326
19791209303355|150
17592186044699|521
30786325581083|201
37383395348147|1335
26388279067195|1047
30786325580831|1369
10995116280135|501
6597069767275|595
2199023258935|792
24189255812791|1382
8796093025347|668
32985348833759|1050
8796093025155|161
8796093025875|1285
28587302325395|1289
21990232556179|1086
6597069768163|172
30786325580435|539
10995116281435|423
17592186044747|1107
17592186044643|445
13194139536199|1403
26388279066871|529
13194139535703|1326
28587302322935|1011
15393162790531|1318
4398046513895|1025
28587302324015|327
21990232558695|1082
19791209300339|119
6597069766955|624
26388279070079|1140
13194139534575|381
10995116280339|1261
30786325578939|128
10995116279499|633
26388279067659|771
21990232557379|974
6597069768979|1112
21990232555527|339
28587302325151|351
30786325578959|1093
1547|692
35184372090775|654
15393162791611|471
21990232558275|1016
6597069767383|1295
28587302324311|1325
17592186045015|1313
10995116279043|286
26388279067115|586
19791209300495|977
26388279068687|865
24189255813539|871
30786325580055|1027
4398046513559|1380
13194139535807|672
19791209303459|271
8796093024003|390
4398046514823|1154
2695|180
15393162792511|1192
32985348834875|281
35184372092647|219
24189255812623|263
37383395346827|1394
8796093024459|122
24189255812511|237
2199023257535|693
17592186046363|1222
6597069769087|731
4398046514047|852
13194139534351|242
6597069769763|742
4398046514723|521
2199023258755|643
37383395346659|874
8796093023887|860
4398046513807|652
1631|819
19791209303811|720
8796093025951|1441
21990232555703|708
37383395345887|1111
3727|234
10995116281075|1198
28587302323219|631
26388279069159|1194
32985348835691|772
37383395345975|1157
17592186044847|1258
37383395347307|248
30786325580151|950
24189255813039|920
21990232558743|1208
21990232557059|1065
32985348835179|122
10995116279099|1383
17592186047735|262
21990232557815|348
35184372089635|186
21990232556963|1175
4398046513199|142
21990232555667|203
4398046513631|488
6597069769391|1075
24189255812395|189
30786325577795|801
21990232556455|1377
4398046514739|717
21990232557547|159
24189255811495|1186
26388279067647|1319
30786325579775|358
2199023258471|1085
26388279069987|217
19791209300507|998
4398046511843|782
28587302324087|625
26388279068663|667
21990232556087|949
26388279069675|436
8796093024199|1046
32985348836135|908
28587302324179|1123
17592186047955|225
21990232558035|112
10995116279387|1055
37383395345747|839
28587302323503|652
30786325578543|467
17592186044519|1181
10995116280435|1441
35184372092315|1398
13194139535935|1209
13194139533367|1075
10995116278479|979
6597069770447|952
24189255811507|409
10995116281371|1067
19791209301579|888
21990232557763|223
21990232557855|1362
21990232556903|386
15393162792675|1055
32985348834191|276
13194139536611|144
19791209302043|821
37383395345139|342
10995116280543|1348
17592186047587|1242
30786325579075|661
37383395347863|1123
24189255813799|509
19791209303159|1321
30786325578419|264
13194139535583|1072
17592186047099|749
6597069770547|233
19791209301027|999
8796093022583|912
4398046511147|148
8796093024195|268
21990232558891|716
6597069768971|865
37383395347391|299
30786325580203|543
19791209301383|783
2199023256447|392
2199023258647|1096
26388279069539|941
24189255813379|848
13194139536123|766
28587302322579|366
19791209301803|396
2211|389
8796093025799|185
10995116278119|567
21990232556203|576
8796093023219|770
2199023259067|256
6597069767467|805
17592186044455|858
21990232556459|1267
17592186046379|643
28587302324775|941
10995116281191|112
13194139535175|757
15393162790711|277
4398046513099|844
28587302324591|902
8796093022879|1003
17592186047623|303
13194139534719|1452
1675|211
37383395345643|525
35184372092119|1322
17592186047831|1108
35184372091355|1025
17592186047699|1256
21990232556831|1273
17592186046235|1069
32985348835611|593
15393162790635|1375
10995116279383|120
2283|1226
10995116278847|1109
32985348835011|1258
32985348835571|286
26388279067099|857
30786325579227|679
10995116279519|978
13194139533535|163
28587302324079|1334
21990232557283|205
35184372092359|296
4398046511343|1433
8796093025519|1351
6597069769207|473
10995116279287|684
2199023256387|183
15393162792503|884
8796093024311|1098
32985348836755|275
927|226
37383395346687|1178
8796093024363|324
30786325580975|1126
15393162791855|612
1647|563
10995116280499|980
28587302325831|1445
10995116277819|227
2199023257659|138
17592186045307|1383
15393162792407|1339
8796093025711|768
24189255814115|312
17592186045275|262
19791209300315|313
37383395344887|1016
37383395344547|1100
13194139536567|1168
37383395345023|1338
35184372091011|448
6597069769803|477
8796093022795|385
28587302324231|424
37383395346419|389
6597069766823|117
26388279068311|862
32985348833431|957
6597069769115|1123
19791209303091|916
28587302324363|633
30786325581451|356
26388279066943|1248
30786325578935|1104
19791209303195|560
26388279068315|1181
30786325577731|866
2199023257167|684
32985348834195|765
35184372091187|1266
30786325578559|198
13194139536339|405
26388279067639|294
35184372092483|470
37383395346803|978
32985348834843|279
37383395346087|343
19791209300683|209
10995116278987|1097
24189255812207|772
17592186044619|335
17592186047579|951
21990232557959|1175
32985348834183|884
26388279069855|861
6597069768871|157
