:START_ID(Person)|:END_ID(University)
17592186047852|3011
37383395344880|6801
15393162792196|2205
37383395346664|2213
35184372089700|3177
26388279067812|1854
13194139533512|4151
24189255814820|2205
30786325577956|2649
37383395344756|5141
2199023256528|3013
21990232558604|2977
28587302322764|7954
24189255814732|2652
8796093025168|7901
28587302323508|6666
140|6671
2199023256204|6439
37383395346188|5801
13194139535464|2208
19791209300644|5063
24189255812772|5521
17592186046516|2207
21990232557996|5272
30786325579800|2835
32985348835864|4591
24189255814708|2208
24189255811600|5046
21990232556232|7901
6597069769052|5502
26388279067420|3014
30786325578564|1850
19791209300084|3010
28587302324340|2207
4398046512676|3009
30786325580452|2214
37383395347256|3009
6597069770300|2563
8796093025972|5265
10995116281628|2678
17592186047004|2436
30786325579292|1853
24189255811956|2210
21990232557276|2831
35184372091424|7942
17592186047084|4514
10995116278276|4991
13194139534340|2449
1816|3011
6597069770244|2211
15393162791504|2206
6597069767320|4947
26388279068336|2211
30786325580392|6303
26388279068732|2210
30786325578416|5523
6597069766712|2452
4398046511672|6151
28587302325292|4342
19791209301036|1958
32985348833960|5523
15393162790532|5235
17592186046412|2829
35184372091640|1850
37383395344908|5947
32985348835956|2209
35184372089488|2208
4398046512380|1984
8796093024508|2832
10995116278688|3012
4398046513116|4672
15393162792412|3012
6597069767856|5943
26388279066632|1580
30786325578760|3221
28587302325252|2209
26388279069440|5188
21990232557312|7896
968|2210
15393162792392|5637
988|3015
6597069767760|1981
4398046511548|2205
2199023256028|2213
26388279070364|1606
10995116278940|5867
10995116277944|7900
35184372091796|2987
8796093024996|2830
35184372092148|5234
740|4517
10995116281264|3013
13194139537188|3009
28587302322196|5036
10995116281364|2696
2199023258920|7862
13194139534120|3006
26388279069996|5523
30786325578608|5263
21990232559116|2527
13194139533728|5148
26388279069732|6308
19791209301472|1577
24189255811148|6199
10995116281620|2559
10995116279676|4517
37383395345216|7731
21990232558556|1856
28587302324556|5271
26388279066720|2205
6597069770440|5525
37383395347484|2827
19791209302624|2214
8796093024624|6475
6597069768344|6487
15393162792096|6348
30786325581292|5525
21990232556792|1990
26388279066660|3008
37383395345768|4991
10995116279364|6616
6597069770148|1911
8796093023464|2206
13194139537148|2212
21990232558468|6799
35184372091752|3008
13194139534256|2836
8796093024480|5985
8796093022360|2211
32985348836416|5170
37383395347244|6476
28587302324224|4510
19791209299968|3011
26388279068972|2207
2199023257420|3009
2352|3006
21990232557780|1611
10995116281212|7945
10995116281316|5646
21990232558788|6510
2332|3012
37383395345028|5526
17592186046228|5494
10995116279388|4747
13194139535884|7885
10995116278264|3015
24189255812516|5979
6597069769424|1640
21990232557060|2209
304|3008
21990232555744|3011
32985348833372|6149
2992|4991
4398046512432|2205
35184372090604|6801
30786325580128|5982
6597069767276|5039
6597069766912|2697
35184372090388|4596
19791209300132|2833
2199023257596|3010
6597069768244|3008
32985348834484|1800
37383395345032|4743
24189255814448|2205
28587302323920|1959
19791209302708|5271
4398046513992|6797
17592186045572|1989
456|3011
21990232559400|5262
10995116280016|1969
13194139535112|2210
4398046511216|3012
15393162791892|2646
4398046511568|5497
8796093022396|2828
30786325578952|3015
10995116280776|4746
8796093023148|6801
2199023256768|4512
37383395346700|6542
30786325580924|3006
2136|5265
17592186047216|2830
37383395344776|3008
19791209301600|3013
8796093023036|1858
2199023257916|3008
10995116279220|3013
4398046513460|6604
13194139535008|2207
21990232557016|2205
26388279067788|2180
2528|6093
28587302325816|6364
21990232556008|5046
6597069768308|6149
32985348835152|7895
32985348834016|4991
30786325581184|3014
26388279070348|5981
30786325577740|2435
37383395347768|6128
15393162792564|2205
8796093023028|6473
15393162791368|1954
24189255811556|2178
37383395344596|6622
21990232556516|4750
32985348834252|5986
17592186045468|6150
32985348836456|5269
21990232559004|6308
19791209300660|1613
19791209300924|5496
6597069769364|5985
13194139534700|6805
2199023258476|4973
6597069766924|4946
2199023256844|1639
28587302325556|3015
8796093023284|6798
13194139534448|2832
10995116280532|4438
4398046514580|1980
32985348837092|1980
37383395346616|5862
32985348833500|2693
4398046514348|4496
35184372090496|6197
8796093024356|6798
30786325579552|2207
35184372090612|4670
37383395346240|2206
24189255811664|6541
15393162789704|5038
2852|2209
24189255813040|1980
21990232556976|5988
13194139534932|3012
10995116279720|5044
26388279070088|2212
15393162789844|5523
13194139535744|6389
4398046513440|2488
13194139534960|6804
2199023259424|4593
37383395346596|7900
35184372089932|5266
21990232558128|2213
26388279069340|4512
37383395345908|5039
26388279067436|5947
30786325578912|6308
30786325578344|5267
26388279067544|1608
19791209302424|2209
4398046512684|2207
32985348837168|6796
24189255812912|2940
2199023258372|4951
30786325581536|4945
13194139534596|6489
28587302322216|1856
8796093022468|7899
2199023259032|1972
37383395347456|2210
21990232556584|2360
17592186047240|2653
26388279067400|3015
28587302322748|4750
2199023257860|2644
32985348834368|7901
6597069767992|2638
2199023255800|6306
760|4516
13194139537208|1576
10995116280120|5328
2199023255960|3006
35184372090236|5235
35184372090488|6545
19791209302156|6005
10995116281304|2831
2199023258836|5804
8796093023248|1988
35184372089428|2544
13194139533372|2836
6597069769276|5985
4398046513168|7901
15393162791036|2208
2199023259088|5165
8796093024208|2829
2199023257088|1853
35184372091072|7814
26388279068728|5265
15393162789856|5271
15393162790264|3007
19791209300968|5949
28587302323080|3123
28587302323040|6623
30786325580816|4514
15393162792192|4678
30786325578052|1969
2199023258788|5235
3264|3014
13194139533832|5187
26388279069884|3008
4398046512568|4743
2199023258548|2830
24189255813288|3013
28587302325472|5240
21990232556056|6346
19791209301016|2209
6597069769300|6123
10995116278608|2827
8796093025304|6171
4398046511528|3010
35184372090080|4511
10995116279168|1602
30786325578740|5947
21990232556268|1971
6597069768588|2212
28587302325432|2207
4398046513792|3015
4398046512680|2212
17592186045316|1641
2199023258052|2207
13194139536124|1575
26388279070204|5263
32985348836552|5042
24189255812264|4944
37383395347020|2178
35184372092332|5041
4398046512632|3060
32985348834576|5337
1904|2483
32985348834244|3013
15393162790312|7900
10995116280520|6168
15393162792716|3014
4398046513304|2211
28587302323272|4750
2199023259216|4996
3152|7893
6597069768636|3009
1892|2523
8796093024700|3010
8796093025496|2209
2199023258616|2961
8796093024156|4747
19791209303024|2488
6597069766956|3007
24189255811280|7945
21990232556240|2206
32985348835068|7893
37383395345244|3007
8796093023912|7895
24189255814296|7897
21990232557648|6150
8796093023360|5983
24189255811104|5047
26388279070240|2207
30786325581200|2355
26388279069556|2206
32985348835360|2213
24189255812424|3207
17592186047976|2637
26388279068136|3007
10995116278796|4743
10995116281328|2248
19791209300920|5265
8796093024228|4968
30786325578368|1633
17592186048128|6617
19791209300752|6625
10995116281576|5265
13194139536288|4951
8796093023600|3007
21990232556632|4750
108|5177
28587302324712|1958
21990232558684|2205
8796093025196|2213
2199023255980|5523
1236|2214
26388279068472|5527
21990232558096|7952
24189255813124|4988
28587302322180|7936
26388279069984|6424
4398046511168|2387
13194139535424|1971
15393162791488|2214
10995116278484|3006
28587302324180|3967
35184372090712|5941
6597069767728|7951
15393162789492|4529
30786325578652|3209
32985348836632|2211
30786325579108|5864
8796093024108|2456
13194139537160|5521
15393162792004|1575
580|6549
19791209302904|5122
21990232558968|7903
15393162791660|7875
13194139536708|2213
28587302325896|4672
17592186046032|5264
8796093023008|5988
30786325581004|6345
2616|3011
32985348835400|6148
8796093023948|6308
35184372092404|3007
17592186044828|4592
21990232556956|1578
4398046512840|3733
30786325579896|7893
10995116280772|2210
4398046514144|5160
6597069767680|3014
24189255813156|5042
28587302323236|2834
8796093023120|1958
2199023257544|5043
2199023256484|1850
8796093024044|3007
30786325579760|5044
28587302325184|5042
10995116278972|2386
17592186044864|2211
26388279069608|2214
13194139533660|5527
24189255812616|2211
35184372089376|5596
4398046511176|5866
2199023256948|3006
6597069767240|5988
26388279068596|2738
8796093024296|5234
4398046511928|1838
136|5987
32985348835336|6675
8796093022700|2207
636|2209
17592186046880|2216
32985348836832|2214
8796093022552|5986
10995116278616|3008
37383395345592|1857
19791209302408|1961
15393162790776|3008
8796093025572|7942
35184372092660|2309
2199023256676|4519
8796093023168|5988
37383395345728|1637
17592186046896|1856
24189255812848|1580
6597069767264|2563
17592186047440|2563
4398046512272|2206
8796093024992|5148
4398046512780|2212
1120|4515
10995116278312|5524
19791209301436|2431
4398046512532|7895
2748|4742
19791209300580|3013
24189255814776|6150
2199023256968|2438
1796|5235
21990232558276|2213
4398046512252|2440
10995116279736|2376
8796093025596|2214
10995116280244|6439
32985348836488|3014
19791209302732|4513
28587302324880|5986
37383395345612|2527
2199023257188|2207
32985348833512|4676
13194139533844|2829
6597069768944|1581
10995116279024|3014
6597069770416|2205
2199023255640|2212
10995116279280|2381
24189255814864|2205
30786325581216|3006
32985348836252|6803
35184372091412|6554
21990232558016|5270
17592186045160|1607
32985348836584|5526
26388279069948|1635
24189255814492|6123
15393162792704|2983
32985348834752|3014
37383395345152|1955
24189255811864|2208
19791209303676|7901
2276|1855
17592186048000|2385
30786325578044|7900
15393162791432|1988
21990232556760|5001
19791209300696|3014
30786325578240|2206
1452|2213
32985348835236|1853
19791209302948|2206
37383395344464|5265
37383395346708|6801
13194139536364|7874
2028|5001
32985348836172|2207
24189255814868|3008
37383395346480|6473
28587302325380|6432
2199023258248|1636
1864|6310
6597069766984|6539
10995116281160|2830
6597069768948|5979
3648|3008
2628|6823
28587302323196|3013
17592186046972|2212
24189255814076|6149
32985348834872|4515
26388279066992|6435
28587302323708|1853
35184372090660|5165
16|5809
15393162792464|5980
15393162791232|2401
6597069766976|6801
32985348836532|7892
21990232556820|2209
17592186046012|2210
35184372091712|6390
24189255812756|3011
6597069768380|2212
19791209301052|2213
37383395347432|6432
21990232555692|1855
17592186045592|4669
10995116280700|7894
24189255811732|6478
26388279069304|5986
30786325579496|5046
28587302322372|2990
35184372091524|4951
17592186044748|2214
15393162789172|2835
24189255812948|5944
17592186046924|1811
4398046514508|2940
10995116280552|1991
17592186046608|2829
2900|4512
6597069770068|2209
13194139536624|5947
2199023256304|1816
4398046513332|7894
28587302324688|5001
2199023258520|5764
30786325580032|2836
35184372090776|2438
37383395344784|2945
26388279069032|2690
24189255812560|3014
37383395346236|2432
30786325578744|2527
24189255811220|2206
6597069769172|2209
17592186045016|2835
10995116278476|5494
21990232557144|5805
19791209300436|6487
28587302324320|2208
19791209301800|2206
21990232558760|1599
10995116278300|2207
26388279070132|2259
35184372089000|4592
35184372091944|5983
4398046513032|2830
8796093023688|2832
8796093024988|1801
4398046511444|3012
4398046513092|5144
26388279068384|5270
4398046514272|6554
1644|1984
2199023256684|3007
17592186045676|6169
30786325580012|5270
26388279067180|2206
2199023256176|3012
6597069769108|4591
13194139534228|5455
1612|3011
19791209302344|4999
6597069768376|5985
1476|5800
4398046511556|2207
19791209302912|2248
632|2298
32985348835620|2210
19791209301984|5525
30786325580400|7908
4398046512672|6675
30786325580328|4514
26388279070056|7898
35184372090196|5046
21990232557768|6671
32985348835464|4244
6597069769124|2913
35184372089992|7894
30786325578604|2948
4398046513508|4744
17592186046836|5267
19791209300344|3013
28587302324600|7892
37383395347740|3010
4398046512516|3008
15393162792440|3009
17592186047460|5847
28587302326000|6483
21990232555760|5270
35184372090784|5267
37383395345868|3009
28587302322964|7901
35184372092564|2207
4398046511992|3007
6597069769288|2488
3144|2207
13194139533664|3009
2199023258992|2559
2199023257396|6476
15393162791732|2945
28587302324828|5035
35184372089108|2694
32985348836956|4743
26388279067396|6172
26388279069060|4747
6597069770100|5171
8796093024504|1858
6597069768440|7900
2199023258772|5266
26388279069964|6150
21990232556828|1857
24189255812892|3006
17592186047632|4948
30786325577872|2213
15393162789920|2213
1508|2383
32985348836972|2206
17592186047252|2451
8796093026100|2561
17592186044876|2832
30786325581260|3009
32985348836312|6486
3392|2563
10995116280988|7898
1244|5266
10995116279768|5986
28587302324736|4749
35184372090512|7924
15393162789144|2205
13194139533624|2211
19791209300212|7870
17592186045172|5188
37383395345708|3013
19791209300652|2207
30786325580556|6153
21990232556300|4515
24189255813132|6800
4398046511152|5189
3300|6433
28587302322260|6617
4398046513948|2648
21990232556648|3007
1432|3006
4398046513988|5805
28587302324548|6804
32985348834424|5038
13194139535208|3007
10995116278120|3012
37383395345876|2387
2199023258356|2213
17592186047708|6169
21990232559036|1640
104|5523
37383395346856|4942
8796093025840|3008
2199023258724|4954
19791209303492|7892
35184372089396|4514
8796093023936|4998
32985348836460|2831
35184372091076|1851
19791209300332|6164
28587302324332|3014
13194139534912|2210
24189255813456|1607
8796093025632|5808
26388279069172|1801
26388279069324|1577
6597069770424|3015
10995116280204|2209
17592186047724|5236
15393162790980|2699
37383395347704|2254
30786325579932|5038
19791209301660|4595
24189255813460|6202
2199023258708|4511
3668|3007
3656|1637
21990232556068|6172
2199023256724|5983
4398046511284|7940
30786325580324|2212
24189255812292|1857
24189255814532|2208
8796093025056|2449
2199023259296|2830
32985348834288|3006
15393162790424|3014
19791209302700|6190
19791209300372|2830
35184372090064|6855
32985348834988|3012
4398046512776|1950
4398046513312|3010
26388279070052|2448
35184372089408|1804
21990232557460|2210
35184372088856|2208
6597069768780|5865
2199023258700|2622
4398046512544|5154
4398046513180|2668
28587302325364|2214
26388279067732|1806
28587302325300|6619
15393162789812|2453
24189255812164|3007
26388279070480|2325
15393162789736|2644
35184372090440|2438
21990232555696|4669
6597069767324|2699
32985348833400|5188
19791209303160|3013
21990232555960|4991
32985348836280|3009
24189255813676|2213
37383395347516|2213
13194139536660|5527
2199023259064|4940
24189255813292|7893
32985348836236|6308
24189255812360|6493
19791209302876|2832
19791209303312|3011
2264|7950
24189255813416|7953
32985348833576|4517
15393162790616|5943
8796093023724|5530
4398046513644|4743
35184372089528|3011
19791209302128|6625
19791209301516|5047
24189255814238|2205
2199023259058|2647
35184372092114|6103
32985348835830|1854
26388279068950|4676
21990232557162|3013
28587302324330|2256
6597069767754|2436
24189255813362|5041
30786325578482|3010
35184372090602|3009
24189255812378|2209
14|4593
13194139534366|5873
10995116278158|1601
6597069770126|2211
21990232555602|5147
26388279068886|1957
28587302325430|5528
4398046511418|5521
10995116280546|6309
2850|4746
28587302323238|6138
17592186045958|3013
94|3015
10995116281306|5988
17592186047098|4516
37383395346074|5156
10995116281126|1800
37383395346954|5185
30786325579778|4515
21990232557694|5503
35184372090598|2834
4398046511710|4670
2199023255798|1982
21990232558986|4991
4398046514730|7002
35184372089914|6557
17592186047374|5268
17592186048278|5268
26388279067122|3865
2199023258710|6803
15393162791550|1962
13194139536442|6621
2199023256122|3745
4398046514002|2831
2199023257374|4517
21990232556154|2380
24189255814522|2641
2718|3011
15393162791558|2439
17592186047454|2528
6597069770302|1637
30786325580554|2827
32985348835594|5263
32985348834178|2209
13194139537138|2207
30786325578238|2434
6597069769302|1852
37383395347698|4947
26388279070294|6134
35184372090102|5866
24189255812230|2214
28587302325362|5998
8796093023430|4960
6597069769094|5039
30786325580302|6620
17592186048306|3008
13194139534158|3013
30786325577842|7895
6597069770366|4742
8796093023882|6391
28587302324974|2697
6597069769794|1583
13194139536854|7317
32985348833670|5184
17592186044854|1953
17592186048138|2948
19791209300174|6557
8796093024726|2205
30786325579106|3012
37383395347118|6799
35184372091054|2214
13194139535522|6165
8796093025442|4748
17592186047030|3008
6597069769578|5191
32985348835942|3008
17592186045542|2355
13194139534654|2943
15393162790718|6554
37383395345058|6479
30786325580482|3009
2398|6306
24189255814014|5190
24189255811858|2452
17592186045714|5461
35184372089750|6475
37383395344462|2983
10995116280862|1856
8796093024938|6805
15393162792106|6482
2199023257518|2209
30786325579754|2209
32985348834794|5528
30786325581110|3011
4398046513614|5870
10995116280170|2834
28587302325046|1955
15393162789838|2835
21990232558862|5040
17592186045198|6800
10995116277970|2208
30786325579506|1869
35184372092702|3013
13194139535554|5870
32985348834722|2221
28587302323410|4239
8796093025250|7942
46|5038
10995116280366|2213
37383395348034|5264
35184372089890|1578
19791209300526|6148
10995116281058|3011
24189255814054|3014
6597069766882|7896
35184372091246|7874
6597069766870|6485
30786325577882|5950
35184372090478|3011
4398046511842|7899
37383395346018|1582
13194139534494|4378
24189255812442|2205
15393162789506|2829
19791209303130|2519
30786325578330|5523
24189255811998|2210
30786325579842|3007
24189255811370|1953
10995116278742|1608
17592186045762|5984
30786325581114|2386
24189255813902|6201
8796093025342|4748
4398046512814|2949
17592186048098|6540
19791209301538|6476
28587302324802|5867
24189255814918|5271
19791209300546|2214
2199023256426|6673
862|1813
35184372091914|2490
2514|5270
30786325580722|5236
6597069768554|4991
4398046514642|2314
17592186046386|2520
6597069769542|3012
24189255811814|1975
35184372091378|2211
17592186047566|6624
19791209303630|4748
10995116280114|1849
714|3007
28587302325498|1980
37383395346358|3007
28587302324038|3014
24189255811322|3012
32985348834118|7896
4398046513094|4401
10995116280262|5179
8796093025306|2214
28587302324602|5803
4398046511446|6323
42|1597
26388279069030|5041
17592186045754|2986
13194139536250|1852
26388279070454|6491
30786325581158|3012
28587302324446|2321
6597069767702|6617
26388279067494|2945
28587302322534|2181
4398046512018|5869
6597069769130|5988
2199023258986|6461
26388279066726|4991
35184372092058|5865
17592186046566|5146
21990232559258|2181
17592186044910|7950
21990232557598|6550
26388279067754|3008
37383395346750|1613
66|3009
10995116279398|2834
2199023259238|6473
2434|2945
26388279066802|4994
35184372091898|2213
2199023258498|3160
4398046514878|1599
37383395344802|3012
26388279069594|1953
28587302322366|1583
32985348836546|5981
2199023257790|3013
2199023257502|2207
4398046513166|2207
15393162789534|1855
37383395347062|3006
15393162790902|3011
2199023257286|5633
24189255813054|1582
19791209302782|4991
21990232558846|3012
15393162789218|1639
2199023257358|5087
10995116281390|5240
6597069770386|2205
30786325578254|2292
26388279067738|3012
24189255812562|6799
21990232555998|5981
6597069768014|2832
21990232556010|3008
6597069770530|1579
30786325580386|2233
37383395347734|4593
17592186044566|5040
24189255811442|3015
15393162792054|1962
6597069767414|3014
15393162789458|5155
10995116279378|3008
30786325581334|6482
8796093023530|4749
13194139533618|2209
32985348834530|4991
15393162791246|6539
30786325578198|5937
24189255814102|5980
21990232558938|2794
26388279068118|2205
4398046513830|6425
17592186046810|3010
17592186048294|2214
24189255811610|1801
6597069768514|2207
19791209300714|1961
21990232556242|3017
2199023258110|5803
26388279067558|3006
4398046511158|3012
2199023256282|3007
30786325580270|2555
3742|6205
24189255811362|5268
21990232558098|2211
6597069769850|5171
2199023258922|2831
4398046512694|4751
30786325579254|6622
6597069768374|3436
37383395346982|3006
35184372088850|6172
28587302324106|1969
2199023259342|2171
10995116280938|1852
15393162789698|4519
13194139535662|2388
10995116281646|6164
28587302322442|6396
32985348836850|5528
21990232559370|6199
35184372088958|5143
21990232558830|1583
15393162790790|6206
21990232555706|1810
30786325578030|5941
26388279067950|2495
15393162789546|3010
13194139534134|5942
10995116278186|5607
28587302323922|7946
26388279069846|5530
26388279068646|5041
19791209303526|1816
6597069767694|2206
32985348833942|2649
1738|5174
37383395345374|2207
2199023256702|5044
35184372090562|6409
30786325579886|7892
28587302325590|1815
37383395347142|1850
6597069768610|1608
13194139536802|1765
30786325578050|5265
4398046512366|2180
6597069768430|6397
32985348835670|5833
17592186048230|7928
13194139535450|6667
6597069767358|5046
2199023257278|5263
19791209302974|2214
13194139535878|3009
17592186047934|2205
8796093023222|4516
35184372089334|2173
28587302323194|3012
26388279069898|4513
2199023256434|4596
21990232557018|2206
142|3823
28587302324454|1804
35184372090554|2208
19791209300210|3008
10995116281286|3006
6597069769582|3013
30786325579898|6309
710|6441
6597069767858|2214
4398046511798|5141
35184372092634|2666
32985348833786|7892
15393162789718|2211
19791209300522|6171
8796093024810|4746
1138|5501
24189255814342|3049
21990232555718|5668
30786325580158|1838
32985348833538|6045
15393162790758|4516
28587302324218|2205
30786325580754|3009
15393162790930|6542
2199023257102|2943
26388279068418|2207
2199023256594|2449
32985348834838|1813
13194139534578|3008
13194139534734|5236
10995116280850|2830
1890|3007
10995116278246|5171
24189255812070|2178
35184372092486|6545
17592186047350|5157
19791209302390|7939
17592186045766|3011
21990232558302|4976
10995116279062|1980
6597069768038|1980
35184372088954|3008
13194139534770|2211
10995116278306|5982
4398046511562|1849
13194139535818|2832
26388279068026|5948
24189255811422|5236
37383395346678|7869
13194139534222|1855
19791209303774|5501
35184372091638|2987
28587302323138|2279
6597069769102|4743
35184372089106|5047
15393162791630|4510
37383395345338|2693
35184372089274|6438
35184372091854|3500
32985348834146|2212
778|2487
6597069768578|6544
24189255813418|3011
8796093025682|5267
26388279069710|1814
26388279068202|3006
35184372088966|5236
26388279067582|3014
30786325580194|1772
37383395347790|3013
28587302324554|5988
19791209300298|4940
35184372089638|5154
986|2644
15393162791826|2207
24189255812510|3014
2199023256210|3009
35184372092450|2211
32985348836018|4667
2199023259118|3011
10995116278438|5526
35184372091574|3008
30786325577922|4991
19791209303746|6396
26388279069766|2206
3746|7894
10995116279354|1957
24189255813238|2490
26388279068278|2522
10995116278014|1849
13194139535102|3009
3258|5521
19791209301670|7926
32985348834490|2209
21990232559290|5530
13194139533878|7951
8796093025098|1576
3358|1804
13194139534586|2440
32985348835590|2984
10995116279718|5186
4398046513574|4746
21990232557170|3014
6597069767758|2178
8796093024846|2206
26388279069458|1816
26388279068426|2210
4398046512718|4750
13194139535162|7722
37383395347722|2832
10995116279994|3008
24189255811142|2205
4398046513090|3008
35184372092014|4514
37383395348078|3007
17592186046318|2056
30786325578326|7899
8796093025262|2209
98|3015
21990232556174|1636
4398046511482|2830
28587302323698|4751
37383395344394|2905
1946|2381
30786325580798|2488
30786325577910|6557
2199023256986|5819
28587302325758|1978
15393162791322|2208
3866|3008
17592186047186|2212
6597069769354|5979
21990232558294|3010
21990232557574|6369
35184372088834|4519
6597069768686|5040
2199023258646|4511
28587302324818|2212
37383395344858|3010
24189255814606|5184
32985348834766|4939
19791209301794|4947
8796093023582|6473
15393162789454|1578
28587302322502|2407
21990232558434|2675
4398046513230|4511
2199023256798|2209
10995116280750|6666
21990232559402|1975
19791209302934|2180
15393162792198|7868
3610|5980
6597069767038|1980
28587302324658|6493
24189255811458|2979
32985348835022|2232
35184372091506|2211
30786325580318|2381
3214|5038
26388279070066|5803
4398046511654|2986
19791209300778|2213
6597069768786|5044
32985348836134|3006
30786325581322|2172
15393162789950|1854
32985348834538|2212
24189255812278|6803
30786325581494|7899
13194139537170|3014
24189255814378|4750
13194139535070|1989
28587302324730|5981
32985348836842|3006
13194139535514|1607
32985348835778|6486
10995116279946|6307
8796093022742|2941
26388279068726|6493
19791209303214|1981
6597069768190|7898
37383395346862|4991
19791209300702|2249
10995116277782|4742
2199023255838|5266
35184372091190|3010
21990232559118|3009
4398046512530|4668
28587302324770|1637
28587302326010|5144
30786325579738|2834
30786325579946|5982
15393162790438|2943
28587302325150|2211
17592186044698|4991
26388279067790|7874
8796093023674|3008
15393162789346|7755
2490|3044
8796093025554|2206
24189255812742|1858
13194139535934|5497
4398046511678|1642
24189255812698|4942
15393162791658|4745
30786325580934|2213
15393162789258|1961
4398046513970|7895
21990232556838|5950
2199023259310|2828
10995116278346|7947
26388279068966|7894
6597069766926|2528
1874|3453
6597069770034|7951
15393162790194|2647
2862|7900
28587302322262|5046
19791209302102|2210
35184372089070|6554
17592186046354|2211
19791209302886|3012
10995116279358|4176
17592186045806|4750
28587302324422|5235
17592186047838|7876
10995116280510|1920
19791209300114|4996
28587302325878|1970
32985348834634|5047
2199023255954|3013
2199023257370|2210
8796093024862|2213
24189255812142|4518
19791209302038|3009
10995116280346|2946
8796093025086|6490
26388279070246|2389
32985348835090|2919
30786325581522|6392
3410|6309
15393162789714|3007
32985348835370|5521
26388279067566|5735
17592186046738|2981
10995116278978|5047
26388279066962|4519
13194139534434|4746
15393162789690|1854
2199023256350|2207
30786325578434|3013
8796093026046|6480
30786325581402|5266
294|3006
6597069770166|6754
4398046514478|2208
13194139537018|5263
37383395344906|3585
21990232556050|2649
8796093024326|2214
2199023256134|5528
32985348836642|2209
32985348836734|2206
19791209302954|4993
32985348835458|2206
8796093024818|2484
19791209300862|6620
32985348834510|6807
28587302324670|4936
6597069767486|3014
21990232556970|2205
21990232558394|3015
24189255813818|4115
32985348835862|2205
4398046513774|2212
8796093022438|7899
15393162792762|5944
30786325581406|5522
19791209301130|4569
17592186048130|3008
15393162792682|4955
2282|2213
4398046512890|3006
6597069768322|5271
17592186046682|6553
21990232558810|6394
6597069768994|6545
21990232555742|5267
32985348833686|1849
13194139536374|7894
15393162791942|1983
518|2449
21990232555526|2209
15393162792414|6805
2199023257422|3010
26388279069186|3015
26388279069738|4977
37383395345746|3029
24189255812098|7894
17592186045630|4515
32985348834890|2210
19791209302602|2304
2858|7903
4398046514138|1981
13194139536422|5044
15393162790446|1957
4398046511822|2211
21990232558042|2648
2199023259130|4968
2842|2690
6597069770010|2205
10995116281038|5527
19791209301194|7951
28587302325894|3010
37383395346082|6393
2199023256862|4845
17592186045834|2181
30786325581314|4746
15393162790626|1853
6597069770466|3014
15393162792310|2212
35184372089462|1852
2199023257486|4515
13194139534790|2211
21990232555626|1850
6597069767586|5945
32985348835486|2207
37383395344818|6551
35184372090026|4512
15393162791654|4516
10995116281254|2694
15393162792646|6346
10995116278450|1971
26388279066650|3008
2226|5523
24189255811758|6667
6597069768066|3006
17592186045614|5168
30786325578374|3011
32985348834218|3006
30786325581454|3012
30786325579390|5985
8796093023602|2207
15393162791910|2247
26388279069554|7899
21990232557198|2205
21990232556906|4990
15393162789326|1576
6597069767934|5984
15393162789754|4519
21990232556526|3012
4398046514998|4923
26388279068330|1854
6597069769190|1612
10995116279270|3007
28587302326018|3010
32985348836174|1582
17592186048170|3014
6597069768406|1984
28587302323858|5037
17592186047194|2206
10995116279774|5272
13194139536798|2197
19791209300826|2990
37383395347866|4936
17592186045206|2486
2199023255982|6800
15393162792626|4589
8796093023494|5988
35184372089842|2289
6597069769478|6199
2106|5272
2199023257026|5865
2702|6308
30786325580434|4673
13194139535458|2213
6597069767106|7916
37383395348206|5948
4398046514958|6797
30786325578678|6166
26388279069154|5985
17592186045898|1597
30786325578194|3007
32985348834810|2205
35184372089346|6545
30786325581370|5981
970|2209
19791209303122|3009
19791209300026|4998
6597069770294|5268
35184372092294|6804
10995116280598|2385
19791209301802|3009
24189255812178|2692
4398046511982|5864
24189255814190|2440
28587302322294|2693
1034|5038
32985348834422|3006
10995116280014|6492
19791209300202|5229
35184372089646|2946
24189255811798|2207
26388279067866|6398
32985348833442|1599
30786325579570|7947
35184372089582|4665
26388279067442|2205
26388279068926|6148
17592186046834|1961
17592186044826|1857
2199023255830|2830
13194139533766|2832
30786325577790|2645
30786325581258|2653
28587302325194|6619
15393162789630|2359
19791209300874|4991
24189255811738|5271
37383395345678|4516
1134|6432
4398046512358|2990
37383395346458|4744
37383395345970|1854
1878|3008
35184372089926|1800
24189255812038|2450
6597069766814|5268
17592186047970|6436
26388279068078|1597
17592186047918|5527
37383395345554|2205
3426|5074
17592186047226|5869
19791209302266|5804
32985348834074|2211
2650|6203
26388279068734|5265
28587302324562|3008
2199023257994|6617
30786325579542|2207
15393162790962|2430
28587302322542|7943
422|4748
26388279067778|3010
32985348836970|1800
28587302324842|4742
32985348834886|6344
17592186047414|6482
30786325578846|3008
32985348834082|5982
28587302322378|6202
10995116280906|2212
4398046512502|2213
30786325579730|7873
10995116278754|4143
35184372092062|4751
35184372089394|1813
30786325580438|3008
28587302323250|2210
30786325578838|2206
3238|6202
2230|6469
28587302322350|6173
35184372089854|2213
28587302323682|5521
21990232557482|6435
13194139533922|7941
35184372090714|7950
24189255813874|5266
17592186044657|2827
17592186046249|6425
28587302325545|4949
3197|5040
6597069767045|5043
13194139534781|4515
26388279068265|3012
1661|5041
19791209301977|2387
21990232555993|6169
13194139533469|2212
28587302325041|3011
32985348833489|2209
37383395348101|4510
10995116280321|5188
37383395347453|2453
37383395347973|1851
30786325580985|5804
37383395344729|2455
24189255811409|5185
21990232556369|2490
1813|3015
35184372090001|7897
13194139535237|6149
17592186047985|4744
13194139536357|4743
28587302322773|2205
17592186046913|4746
6597069769965|5041
26388279067777|2945
2199023256385|5141
2797|6345
19791209301253|3010
13194139534405|7892
801|2555
19791209301073|6205
13194139534685|6671
10995116278765|6803
10995116279933|6803
21990232557853|6666
32985348834033|5042
293|5984
30786325578649|6475
4398046514645|2207
21990232558489|4746
24189255813917|6481
28587302323441|4943
26388279068325|5523
2199023256517|2441
24189255812957|1627
10995116277805|5236
28587302323189|2211
21990232558577|2214
26388279069613|2429
24189255813677|4940
24189255811945|2674
32985348836201|7901
24189255811645|6199
26388279066893|4518
13194139534945|5985
32985348834205|1605
26388279068061|2831
8796093023069|2652
4398046512669|4965
15393162791125|6346
32985348833433|6148
2199023255781|6302
8796093024997|2696
37383395344761|6493
19791209300653|5947
35184372091241|2083
2909|4580
17592186046397|2209
17592186047749|1850
13194139533493|2451
35184372089945|5040
24189255814733|4991
28587302322633|5986
2199023257905|1981
4398046511589|6558
17592186046897|2432
30786325579185|2206
17592186046197|6541
21990232557345|3006
35184372091513|2305
6597069769397|1575
32985348837101|5522
8796093022573|2213
21990232559277|5092
28587302322349|2210
13194139533409|3007
4398046511721|6394
15393162791017|3013
21990232556649|2636
15393162789125|5988
24189255814321|7895
37383395346805|4518
35184372091765|2211
10995116277849|3014
6597069769021|2558
30786325579441|2207
26388279069113|1809
37383395346257|1807
26388279067453|6478
30786325579581|4517
30786325578965|6435
28587302323129|5186
2199023258257|2211
32985348834529|7946
2199023258001|5801
30786325579589|3013
21990232558093|4940
17592186046665|5267
4398046512545|5808
21990232558305|4991
32985348834001|3010
13194139535901|2557
24189255813165|5868
8796093022689|5047
32985348836245|2523
37383395345113|2483
4398046513373|6199
4398046511417|5980
3497|1855
13194139534817|2207
15393162791049|1954
8796093023577|2829
15393162789721|5267
4398046513829|1625
30786325579637|2205
35184372091777|1643
26388279066897|1599
21990232555933|6552
19791209302713|4749
28587302324813|5039
15393162789909|1856
26388279067257|2207
6597069766725|4762
15393162790041|2382
13194139534941|3008
15393162790713|4512
8796093022873|3015
33|1596
6597069768225|3434
32985348836369|6396
30786325581329|3011
32985348834485|2356
24189255812017|1855
4398046513269|1980
10995116279413|5265
19791209300285|5236
26388279069501|4991
10995116280497|3009
8796093024433|6436
21990232557253|1801
2199023257545|3009
15393162789305|2212
8796093023693|6436
30786325578205|4743
26388279069381|6434
2199023259429|6623
19791209302305|1582
10995116279589|4998
6597069770085|6672
6597069769117|6340
3217|2647
28587302325089|1852
37383395347569|2526
15393162791109|4947
26388279069649|6044
6597069769685|1607
37383395345457|5270
24189255814001|5234
6597069767329|6392
15393162792245|2214
10995116279765|6435
2199023257249|3015
28587302322953|7954
17592186045229|5458
30786325578409|2432
1009|5526
30786325578853|1580
28587302324945|1855
13194139536557|6441
30786325579657|2830
4398046513093|2209
37383395345725|5271
13194139534293|1959
28587302325889|5528
35184372089009|5040
35184372089965|2832
10995116278545|5171
2199023258385|2205
15393162792657|3010
8796093024773|1981
2199023255557|1953
17592186048233|2208
2199023255809|6554
10995116281229|5040
10995116279773|3008
30786325580989|2650
21990232555725|2207
17592186047829|6440
17592186047233|2205
37383395346277|2987
21990232557901|2682
28587302325677|5987
21990232556461|4516
977|6204
19791209300481|2650
4398046511849|3006
10995116278229|7901
35184372090777|5044
6597069766985|6479
4398046511945|3015
35184372089761|2383
28587302323201|6624
2199023255573|5263
17592186048065|2213
10995116280281|1958
30786325580241|3009
15393162792101|7898
24189255812717|2206
32985348834657|7935
13194139534341|6673
4398046513209|4745
24189255814953|5986
30786325580313|5235
10995116279701|6198
21990232556573|4750
6597069770105|6148
4398046512293|4993
1541|5272
15393162790077|4674
4398046511445|3220
2199023258833|5521
10995116280137|2828
6597069769417|2205
2199023255701|2561
15393162792085|7895
37383395348013|6149
24189255811377|5236
1533|6799
1937|2436
13194139536273|1970
10995116277761|2945
2199023256977|2210
2199023257209|6309
13194139535869|2209
13194139535369|6538
15393162791433|1803
13194139534773|6433
4398046511181|2827
3785|3007
6597069770329|2978
15393162790489|1597
37383395346021|4511
8796093025549|2448
10995116281613|3009
26388279068641|2944
24189255813153|5235
21990232556665|3013
13194139535865|5526
8796093023469|1852
10995116279533|2991
4398046514713|1980
4398046513389|2206
15393162789257|5269
13194139533549|2214
35184372089801|7893
2199023258913|7894
32985348835685|6435
19791209300317|1980
30786325580645|4747
10995116278809|2833
1269|3008
8796093022641|7900
28587302322741|1857
28587302323849|5189
15393162790217|6002
37383395346709|7873
10995116280865|5144
2199023257273|3009
6597069769041|5523
17592186046517|4745
35184372089333|6416
37383395347637|3015
8796093022697|4952
19791209301889|2525
15393162790089|1851
2199023258601|5266
8796093025825|5530
17592186046081|5529
21990232555905|3498
10995116278453|6801
17592186045933|1980
24189255811909|3011
10995116281573|7951
8796093024609|3013
8796093025729|5045
2199023256129|5235
32985348834337|7877
2199023258193|7952
10995116278353|2827
30786325581381|1872
4398046511553|5686
32985348834881|6654
30786325578817|3007
2199023259289|3006
26388279066717|1605
6597069769369|1953
35184372091045|5146
26388279068997|3007
37383395347697|4519
6597069768937|5042
15393162790925|6183
8796093023641|6433
8796093022377|3012
19791209303069|2830
21990232556969|3008
28587302325249|3008
35184372092317|4511
26388279069857|4746
37383395345445|2208
19791209302493|1853
15393162790829|4512
32985348835953|1986
24189255813277|6543
6597069766697|3010
28587302325453|2208
4398046512961|2455
1617|5542
15393162789289|7951
21990232558649|6439
17592186047993|1642
24189255811453|3010
4398046513201|5074
26388279070069|3014
15393162790885|2835
21990232556313|5942
35184372092061|1854
26388279067557|2643
17592186047217|7954
24189255814049|6545
2199023258953|4946
30786325578341|5039
19791209301745|1837
10995116279797|5268
10995116280765|6556
32985348834149|4511
30786325581013|6301
13194139534661|5529
8796093023733|5522
35184372090381|3013
28587302324265|5040
17592186045581|4751
15393162791329|5154
28587302324773|2207
30786325578381|1955
13194139534565|2834
13194139534705|4517
26388279069817|1989
15393162792509|5268
2277|3010
35184372091941|5156
2509|7901
30786325580413|2210
32985348834401|2203
13194139533433|6622
35184372089189|7893
15393162791685|4743
2199023258229|7876
2199023255817|6488
2199023256881|6540
6597069767345|6803
30786325578717|2248
10995116280933|6804
1137|2983
13194139533633|2206
2199023256429|6796
21990232558421|7946
19791209301581|2438
30786325578485|2235
15393162790425|3008
17592186047925|2209
8796093022837|3012
13194139534677|1980
2199023258877|5267
13194139533673|7895
13194139534077|2206
4398046513405|2211
21990232558149|1637
37383395345237|3012
26388279067089|2212
30786325581161|5263
26388279070181|3013
10995116281393|2206
35184372092149|2388
28587302322313|2180
32985348836545|4595
15393162791333|2832
19791209300161|2207
21990232555853|2942
21990232556025|5270
28587302322813|4511
6597069767109|3726
32985348835825|1989
17592186046449|6149
15393162791473|4748
28587302323193|2691
19791209302421|3008
37383395345265|6554
28587302322581|2206
8796093024333|1808
17592186047689|5190
30786325577929|6620
429|5984
28587302325729|6801
15393162790181|2206
2853|6200
6597069767553|2211
6597069767405|4943
8796093023885|2385
15393162789005|2213
35184372092257|2210
37383395347713|4980
26388279070085|5945
30786325579797|3008
26388279068089|2214
32985348836297|2207
35184372089873|3015
37383395344805|7878
13194139533821|2175
37383395346697|5235
6597069769101|1580
13194139534625|5529
8796093024957|1956
17592186045197|6309
10995116279941|5864
4398046512773|7898
2199023256841|5529
2199023257637|5043
13194139534885|4982
8796093022757|7893
32985348833353|2206
35184372092345|2695
13194139535133|1981
26388279066949|2450
3289|5522
30786325581261|5865
4398046512709|3938
4398046512633|4991
15393162792005|2207
30786325578793|5268
10995116281305|4955
19791209302361|5984
10995116281197|7898
13194139536333|5266
6597069768017|2209
26388279070373|3011
6597069769289|6542
35184372089417|2271
26388279068929|3013
24189255813961|2302
32985348836185|2212
21990232557677|4513
2199023257417|6148
8796093024725|2438
4398046512793|2368
15393162792629|2211
6597069769389|6474
19791209301705|4518
37383395344965|2389
35184372089233|2834
4398046513941|2207
30786325578329|3006
28587302325229|5982
21990232557841|6647
17592186044813|1596
17592186048313|3006
6597069767381|6388
2199023257993|3008
32985348837061|2555
2199023256257|6540
19791209301561|2694
30786325580341|3010
10995116279809|4695
32985348835641|1854
30786325580393|6559
13194139534461|2385
8796093022333|6164
2433|4751
17592186047077|6801
19791209303289|4954
13194139533425|3308
13194139536473|3013
15393162790057|5980
4398046514237|2213
26388279067161|4954
13194139536981|7901
21990232556165|1643
32985348836853|2482
8796093023181|5143
17592186047245|2176
37383395346681|2525
19791209301885|2211
28587302323649|5042
24189255814021|2208
26388279070317|5270
4398046511877|6799
4398046512865|3007
13194139536065|2212
21990232556841|7900
2199023256397|2447
24189255814769|7877
35184372089973|3006
28587302325633|1596
6597069769697|2206
2429|6309
37383395346625|1981
30786325578009|2310
4398046514221|5174
15393162792221|2977
28587302323981|7897
21990232557837|4748
6597069767953|2450
32985348836877|6671
6597069766773|1815
13194139537169|6152
4398046512913|4362
28587302323901|2211
13194139534333|7928
21990232557009|5272
2001|6022
21990232558213|6306
4398046511169|4991
26388279069633|6798
13194139535457|5160
35184372092297|5233
26388279067249|5189
37383395344409|4673
35184372091929|5140
35184372090137|6552
8796093024909|4514
30786325579377|6393
21990232558229|7947
10995116281441|5526
8796093022917|5521
30786325579125|2209
21990232557505|6203
24189255813969|6390
8796093023717|5144
13194139534345|2208
17592186047825|4746
17592186044705|5806
28587302324757|2214
24189255814297|1597
6597069769777|6165
13194139534933|4517
19791209301845|5039
30786325580117|5935
24189255814945|6395
24189255812625|5042
26388279066641|5142
17592186046481|2214
301|1857
30786325579857|3342
10995116279553|6304
19791209301129|2214
3801|3009
10995116279001|2213
35184372091693|3010
13194139534297|3013
30786325578333|5188
19791209303133|2210
21990232557453|5263
10995116278581|2207
35184372090733|6396
28587302322797|7893
2199023257341|5980
37383395347593|5980
8796093025561|4598
6597069767565|2834
21990232557717|2210
2199023258821|6486
17592186046161|5947
2199023256781|6799
2199023259041|5264
24189255812229|3012
21990232557549|2214
26388279070421|2675
8796093024441|2212
19791209300341|2386
35184372091025|5270
24189255811877|3014
28587302325761|5167
2209|5038
8796093022369|3015
10995116278113|2209
17592186046681|5187
10995116280965|6805
26388279070185|2948
6597069770173|2210
8796093025301|6494
32985348834013|5233
21990232558913|1990
4398046513357|6368
35184372090261|1851
10995116279501|2232
13194139533805|6439
2793|3012
10995116277993|6509
32985348836265|2209
32985348835717|4751
35184372091181|6797
15393162788877|6612
26388279067741|2982
32985348833697|2214
10995116278797|2828
15393162791413|2651
24189255814905|4516
13194139534513|3011
2601|4511
4398046514729|3012
8796093024205|4998
30786325580305|2207
35184372089573|2208
24189255812353|2207
35184372090165|7897
35184372092721|5523
21990232558297|5046
32985348834733|2210
13194139534557|4948
4398046514397|2456
761|3010
2199023256213|6149
6597069768341|3009
30786325580037|4998
15393162790821|6148
4398046514597|3013
19791209300705|3012
6597069770277|2207
10995116280293|5526
8796093025449|6488
30786325580385|3059
2199023256113|2210
2199023257149|5265
13194139535421|1644
10995116279989|2452
24189255814957|2486
19791209303609|6800
10995116279649|6622
30786325578685|1949
26388279070281|3009
21990232557321|2485
32985348834605|2207
21990232559297|4942
37383395347749|4591
17592186047085|6607
28587302322285|3007
37383395345565|2211
13194139536701|3010
30786325580725|2205
4398046511549|4591
30786325580789|5524
1273|2210
15393162791513|2214
4398046512873|2647
21990232557633|2211
15393162790997|2329
28587302324661|5505
15393162791025|6168
101|2834
17592186045365|7896
21990232559045|2644
3637|3007
15393162789113|5148
37383395347357|2205
10995116280477|5272
15393162791041|2353
6597069767573|7952
2199023256221|4998
32985348836577|5038
2199023257629|2246
2199023259157|2207
32985348836437|5234
30786325578901|5983
26388279069269|1768
28587302324797|2214
24189255814209|2833
15393162791101|6805
24189255812593|2207
8796093022977|6148
17592186047721|2648
21990232558473|5186
28587302323621|2987
2199023255697|6801
21990232558733|2209
19791209300929|5943
21990232558049|6674
37383395345485|3009
2199023256629|5188
15393162792709|6624
6597069766709|5268
24189255812565|2211
32985348834777|6198
10995116280533|2988
2201|7943
28587302325757|5145
17592186046461|2205
32985348835161|1637
6597069768045|2209
32985348834861|4518
37383395347341|6151
19791209303445|4961
10995116281653|2483
1309|6014
26388279070397|2352
15393162792213|5046
17592186046489|4511
32985348837141|6477
28587302324137|4598
26388279070065|2208
13194139536849|5234
30786325581209|7893
35184372092021|2205
13194139533477|3011
8796093022397|2206
28587302322225|3008
6597069767933|2212
13194139533921|3012
32985348834501|4172
10995116280525|5234
13194139536253|5298
2199023258949|5190
2199023257881|2205
17592186044497|5042
32985348834693|1581
35184372090801|2206
8796093025245|2209
15393162792413|2210
21990232557285|5045
37383395346781|2212
37383395346077|2989
28587302325945|2831
24189255811769|2491
6597069770445|2648
4398046513757|1981
6597069768797|2449
8796093023093|2829
26388279067033|3014
24189255813877|3014
8796093025361|3006
4398046512361|7942
17592186046873|2210
13194139535585|6437
28587302322697|4589
2199023257721|5269
24189255813897|3007
17592186046097|2176
32985348834889|4515
30786325578825|2385
35184372090585|5267
6597069768569|6474
4398046513221|3009
13194139533845|5046
10995116278577|6546
8796093023685|4991
4398046513605|4747
13194139533695|5529
15393162791207|5272
2967|1850
35184372092191|5144
8796093024411|6198
17592186044871|6168
17592186044479|2830
32985348835391|5530
1907|1980
35184372090471|3013
17592186045103|3006
35184372088955|5503
37383395345019|2284
2199023256075|4590
21990232559403|2652
8796093024471|5169
24189255812003|2206
17592186045159|2697
37383395344751|3007
10995116280535|2207
443|6150
4398046511335|5266
37383395346631|2213
967|5522
35184372089155|4991
19791209302375|4940
6597069769611|5089
4398046514451|6518
21990232558759|5869
24189255814823|2490
21990232559251|7895
19791209303391|4597
26388279068511|4512
28587302322855|2212
17592186045563|3066
10995116279615|6669
19791209302191|5271
26388279066783|6303
28587302326003|1601
2199023255639|3011
35184372091703|2214
13194139535035|5270
6597069768023|4518
8796093025111|2211
13194139534283|2213
35184372090411|5523
26388279068083|2205
8796093025619|5981
28587302323639|6163
26388279068599|2831
13194139535971|6802
4398046513575|2213
8796093025091|2438
17592186046503|7295
24189255811491|2829
32985348836979|6812
6597069770427|6171
10995116278459|6163
17592186046371|5031
15393162790615|2986
8796093022423|5168
2199023255867|5157
8796093024339|2207
24189255814231|3010
28587302323859|1849
8796093022399|5528
3623|1596
35184372091691|1961
30786325578055|5183
13194139535319|5530
30786325581439|2205
4398046512595|5241
26388279069303|3013
4398046513531|6493
8796093025119|1853
8796093024123|2215
10995116279927|5524
19791209301979|7897
37383395344775|2832
37383395345147|1961
13194139536643|5948
15393162790499|5496
28587302323075|7951
17592186045871|2381
499|3007
8796093024951|5529
28587302324983|2833
4398046512395|1852
8796093024747|5522
10995116280587|2212
32985348836415|6605
8796093023539|5185
2199023258903|4749
35184372090027|2432
4398046514543|1972
10995116281475|7876
35184372091843|2206
13194139537067|5865
17592186045723|2982
30786325580007|4745
10995116280851|6477
10995116281187|5148
15393162791259|6353
4398046514219|3008
8796093022979|2210
2819|4841
13194139536867|2213
17592186048219|6172
37383395347595|3006
21990232556763|3008
15393162789351|2830
24189255814595|2984
32985348834063|6476
19791209300275|4991
32985348833291|2211
19791209303823|5985
28587302324695|1978
19791209301447|1769
37383395345499|1811
13194139535959|1815
1235|6038
4398046514623|5529
26388279066763|5164
4398046511323|2832
8796093025915|5949
8796093025191|7897
37383395345535|6801
13194139536507|7895
32985348834559|4516
10995116280591|1584
13194139536655|2214
30786325578535|6798
32985348833775|2209
2507|5191
6597069767431|2205
37383395348151|2834
8796093025603|6135
17592186045487|5945
13194139535263|2653
26388279069743|5141
35184372092095|2207
37383395347459|5523
6597069770143|2212
30786325579647|2525
10995116280539|1856
28587302323283|3010
17592186047739|5805
10995116279171|1851
2891|3011
24189255811427|4956
13194139535471|1576
10995116279851|2384
555|2209
13194139535799|2363
4398046513675|1953
21990232558899|3013
24189255814491|2213
26388279068371|3013
35184372091475|6437
24189255812295|6308
6597069770319|5494
19791209303807|4991
30786325581179|5170
4398046513863|7953
27|5804
28587302325115|2214
21990232555979|5169
26388279070155|2214
26388279068851|4744
21990232556923|4745
26388279066755|4747
37383395346443|2648
2199023256839|5171
19791209301151|5182
10995116280483|6796
37383395347179|6305
13194139534439|5264
28587302325359|2208
30786325581187|6544
13194139536247|5982
28587302322447|2834
30786325580623|5263
30786325577903|2213
6597069770519|4940
71|6150
35184372089659|1839
19791209303203|6308
17592186046075|2828
15393162791527|2385
35184372092491|5802
4398046512439|2832
37383395348231|7875
17592186047583|2832
32985348837063|2211
26388279067615|2211
32985348835863|5988
24189255813659|3013
2183|3012
1483|2647
13194139536927|2648
10995116279839|5275
37383395348219|2451
15393162791631|6492
15393162789615|2210
6597069770223|5983
32985348835547|6476
4398046514799|1841
21990232557535|6151
4398046513391|5522
32985348834199|2524
15393162791963|2386
10995116280459|5040
3575|2207
24189255814743|5234
32985348835151|2206
30786325581031|3013
35184372091427|2207
26388279069115|4746
30786325579239|2486
2199023256475|4946
10995116280731|1955
13194139534219|2178
26388279067863|1577
28587302324007|5038
17592186047783|5522
2199023259019|2212
8796093023903|5268
28587302325951|4985
21990232556475|6483
30786325579967|3015
35184372091603|5979
28587302322999|2178
26388279066935|2691
13194139533859|5865
15393162788899|4929
30786325579827|5529
32985348834747|3013
35184372092327|5979
13194139534411|2483
30786325580287|4596
26388279070207|5173
6597069767055|6200
32985348836351|2214
8796093025483|3008
2199023255631|5866
10995116281547|3010
26388279067927|4996
13194139533407|1600
26388279070231|3014
35184372089039|4520
28587302323827|1981
8796093023059|3011
8796093024207|2211
17592186046991|6801
10995116279055|6150
6597069769291|3010
21990232557983|5524
28587302322191|2208
24189255812627|4956
17592186046035|1581
15393162789751|5235
8796093024015|4744
8796093025231|4673
2199023256003|5521
24189255812075|4998
8796093024775|3015
26388279066739|2210
13194139533751|4954
30786325581463|6493
10995116278011|5146
15393162792123|6802
32985348836607|4590
21990232557311|2374
24189255814471|1613
32985348834631|6671
15393162791419|6623
26388279067143|3011
13194139533343|2832
6597069767603|5167
26388279070187|2206
6597069769247|2205
37383395348271|1854
28587302323603|6204
26388279067707|4951
13194139534827|2987
17592186045579|1959
32985348835159|2211
28587302322227|4940
28587302323031|4845
8796093025351|5042
17592186048103|1858
21990232557007|2646
19791209300943|1575
35184372089475|2369
30786325579507|2205
17592186048239|5044
2199023256807|4517
21990232558319|2453
10995116280471|4510
2199023256215|3007
35184372089563|4991
30786325580971|7872
28587302324907|3008
13194139536703|6113
4398046514183|5046
24189255811807|4934
15393162792063|5043
26388279067239|2208
19791209302119|5522
30786325580227|5045
4398046514783|2490
2199023257695|2208
8796093024595|2300
35184372092303|5525
26388279068707|7949
32985348834347|4742
6597069767019|2523
24189255813195|5040
32985348833863|2209
21990232555647|4747
35184372090131|1800
6597069766867|2944
19791209303867|2209
26388279067291|6407
21990232557739|6552
30786325577899|3012
28587302322467|3238
32985348834679|6797
17592186047543|4997
35184372091315|1959
28587302322659|1635
6597069768187|4949
35184372090367|4765
35184372089259|3013
37383395347535|2179
10995116280939|2205
24189255812679|4511
10995116278391|6417
10995116280711|6476
8796093022403|3007
4398046511339|4524
13194139533915|4749
13194139534255|5944
2199023255731|2205
607|2212
32985348835931|5525
32985348836095|6390
15393162792363|7899
35184372090175|6805
8796093025195|2206
6597069769323|1857
32985348833467|4575
21990232555631|2205
35184372089887|2209
19791209301999|2830
17592186047291|1953
26388279070131|3010
4398046512087|5184
26388279070255|3009
24189255814139|4518
13194139537131|5962
21990232559351|4749
6597069766935|7900
19791209302035|6668
21990232558083|1981
37383395345699|5146
37383395345955|1849
6597069770395|4519
4398046512931|6433
37383395347447|2210
17592186045983|1805
15393162790299|6797
10995116278171|5238
19791209302515|2831
1191|2827
32985348834699|5487
19791209301811|1990
15393162791203|3014
15393162791039|3012
10995116278891|3239
30786325580107|5494
1711|5142
13194139535483|3014
2199|2452
6597069769675|6304
28587302322887|7899
21990232555863|2212
32985348835015|5521
28587302323287|5266
30786325580027|3008
8796093025051|2209
8796093023383|5527
6597069767499|6350
15393162789559|3007
28587302323987|4243
30786325581135|6304
4398046513295|2380
1523|4992
8796093023375|5948
37383395345527|1858
2051|5266
17592186044679|3013
37383395347311|2453
703|2209
32985348836587|2213
26388279067003|2206
6597069767703|6798
4398046513731|7875
2231|5501
6597069769055|5172
2371|2834
13194139536075|2214
19791209302351|1851
17592186045495|5483
30786325578079|4747
6597069770099|2206
15393162790259|2213
15393162790823|2381
13194139534759|6802
6597069770031|6206
17592186047031|4748
21990232556131|5802
4398046512903|7871
37383395347207|6804
35184372089927|2835
15393162792731|4968
15393162788963|2206
35184372089679|6668
28587302322643|5044
37383395345775|1972
255|2834
21990232558967|2205
10995116280071|2836
32985348835627|3014
21990232555675|6150
2195|1981
28587302323047|4746
32985348833523|6595
17592186047263|1601
35184372091919|2383
6597069767619|2454
8796093022767|3012
37383395347983|2986
28587302323443|2835
17592186046355|1981
37383395346403|2644
8796093025043|2647
13194139534271|6197
30786325579003|6667
32985348835883|3008
3111|2209
28587302323891|7901
4398046513339|5527
2199023257375|6801
17592186046535|6310
10995116280739|4954
4398046511391|2554
4398046513311|6625
28587302323427|5190
21990232558307|2834
8796093025835|4940
24189255811851|4517
17592186045787|6797
2199023256603|4590
13194139533587|2210
21990232556099|2210
35184372089127|2981
4398046513971|4750
19791209300431|1980
21990232557887|4981
28587302323775|6796
32985348833855|2214
6597069767199|2454
13194139534915|2205
32985348837059|1804
4398046511983|2213
24189255813219|1637
15393162790507|2944
10995116280563|3008
2199023257807|5867
6597069769935|6310
13194139535055|2211
35184372092515|2207
19791209299987|7953
10995116281311|3011
4398046514955|7899
21990232556899|1610
26388279070503|6186
4398046514399|3006
24189255812859|6675
2199023256207|3007
8796093022759|6801
19791209302511|3012
15393162789891|2449
28587302324199|6393
28587302325211|3009
13194139535715|2833
8796093022543|6393
8796093024251|3009
6597069767523|6344
35184372091695|2205
19791209303843|6801
19791209301543|4950
21990232556971|2210
30786325581523|4516
17592186045139|5527
10995116280431|1981
2199023256175|3643
10995116279255|2478
4398046514539|3008
6597069768471|3733
8796093022995|2388
15393162789271|5522
26388279069155|5981
2199023258555|1579
10995116277783|6797
30786325579843|5982
26388279069343|7877
17592186045507|1953
8796093022859|1577
8796093024899|2181
4398046513467|2828
15393162790083|2946
24189255814871|3011
32985348833479|5265
21990232556507|5234
4398046511639|2554
24189255811579|1596
135|3012
21990232556539|2210
15393162792567|6166
6597069768311|3099
10995116279687|2214
15393162790035|2212
17592186048175|1857
26388279068391|1584
15393162791315|1596
32985348836211|2454
4398046511151|6346
563|3007
35184372092391|4745
35184372091279|2214
30786325580727|1803
15393162791947|5268
8796093023563|1642
10995116279303|2176
2995|1981
28587302324315|7893
26388279067699|2211
10995116279627|4750
28587302323315|6306
26388279068475|6165
17592186044699|2977
30786325581083|3007
26388279067195|1981
30786325580831|6394
10995116280135|2368
6597069767275|2831
2199023258935|5268
24189255812791|6487
32985348833759|2176
8796093025155|3013
28587302325395|5886
21990232556179|2470
30786325580435|5258
10995116281435|2211
17592186044747|2521
17592186044643|2206
13194139536199|6553
13194139535703|6170
28587302322935|1958
28587302324015|2205
21990232558695|2452
19791209300339|3010
6597069766955|2831
26388279070079|2945
13194139534575|2213
10995116280339|5236
30786325578939|3043
26388279067659|5272
21990232557379|1613
21990232555527|2208
28587302325151|2206
30786325578959|2487
1547|4751
35184372090775|4519
15393162791611|2211
21990232558275|1959
6597069767383|5870
28587302324311|6168
17592186045015|5938
10995116279043|3011
26388279067115|1856
19791209300495|1607
26388279068687|5979
24189255813539|5987
30786325580055|1989
4398046513559|6478
13194139535807|4519
19791209303459|3007
8796093024003|2209
4398046514823|2987
2695|3014
15393162792511|4955
32985348834875|3010
35184372092647|4061
24189255812623|3014
37383395346827|6545
8796093024459|3009
24189255812511|3514
2199023257535|4751
17592186046363|5146
6597069769087|5038
4398046514047|5988
4398046514723|2977
2199023258755|4515
8796093023887|5984
4398046513807|4518
1631|5525
19791209303811|5038
21990232555703|4746
37383395345887|2555
3727|3015
10995116281075|4991
28587302323219|2833
26388279069159|4956
32985348835691|5271
37383395345975|2987
30786325580151|7893
24189255813039|7929
10995116279099|6490
17592186047735|3008
21990232557815|2207
35184372089635|3009
21990232556963|4673
4398046513199|3010
21990232555667|3232
4398046513631|2282
24189255812395|3008
30786325577795|5526
21990232556455|6483
4398046514739|5046
21990232557547|3166
24189255811495|4946
30786325579775|2207
2199023258471|2455
26388279069987|3012
19791209300507|1806
4398046511843|5264
28587302324087|2832
26388279068663|4517
21990232556087|7899
26388279069675|2209
8796093024199|1981
32985348836135|6802
28587302324179|2653
17592186047955|3008
21990232558035|3015
10995116279387|2175
37383395345747|5984
28587302323503|4518
30786325578543|2213
17592186044519|4941
10995116280435|7947
35184372092315|6538
13194139535935|4999
13194139533367|2439
10995116278479|1612
24189255811507|2214
19791209301579|6801
21990232556903|2209
15393162792675|2173
32985348834191|3008
10995116280543|6303
17592186047587|5167
30786325579075|4518
37383395347863|2653
24189255813799|1769
19791209303159|6150
30786325578419|4209
17592186047099|5042
8796093022583|7892
4398046511147|3014
8796093024195|3260
21990232558891|5044
6597069768971|5979
30786325580203|5895
19791209301383|5269
2199023258647|2485
26388279069539|7892
24189255813379|5981
13194139536123|5264
28587302322579|2212
19791209301803|2207
8796093025799|4502
10995116278119|1857
21990232556203|1853
8796093023219|5267
2199023259067|3008
17592186044455|5985
21990232556459|5503
17592186046379|4579
10995116281191|3010
13194139535175|5269
15393162790711|3009
4398046513099|5982
28587302324591|6799
17592186047623|3013
13194139534719|7954
1675|3011
37383395345643|4968
17592186047831|2522
35184372091355|1984
17592186047699|5187
17592186046235|2384
32985348835611|1857
2283|5143
32985348835011|5235
32985348835571|3006
26388279067099|5986
30786325579227|4749
28587302324079|6201
21990232557283|3009
35184372092359|3007
4398046511343|7886
8796093025519|6306
6597069769207|2210
10995116279287|4743
2199023256387|3006
15393162792503|6798
8796093024311|2485
32985348836755|3009
927|3010
37383395346687|4941
8796093024363|2214
30786325580975|2666
15393162791855|2832
1647|1853
10995116280499|1743
28587302325831|7954
10995116277819|3007
2199023257659|4256
17592186045307|6493
15393162792407|6203
8796093025711|5270
17592186045275|3006
37383395344887|1955
37383395344547|2535
13194139536567|4678
35184372091011|2242
6597069769803|2206
8796093022795|2213
28587302324231|2242
37383395346419|2209
26388279068311|5984
32985348833431|1583
19791209303091|7901
28587302324363|2828
30786325581451|2214
26388279066943|5187
30786325578935|2525
19791209303195|1852
26388279068315|4946
30786325577731|5986
35184372091187|5236
30786325578559|3007
13194139536339|2211
37383395346803|1611
32985348834843|3013
37383395346087|2206
19791209300683|3015
10995116278987|2486
24189255812207|5271
17592186044619|2207
17592186047579|1584
21990232557959|4676
32985348834183|6798
26388279069855|5984
